País;Receita EUR;Custo EUR;Data;Categoria;Cliente;Gerente;Representante;Dispositivo;Pedido;Margem Bruta EUR;Margem Bruta %;Mês;Ano;Margem Calculada %;Qualidade
Sweden;17524.02;14122.61;2020-02-12;Books;Goldner-Dibbert;Maxie Marrow;Madelon Bront;Mobile;70-0511466;3401.41;0.1940998697787379;2020-02;2020;0.19409986977873797;OK
Finland;116563.4;92807.78;2019-09-26;Games;Hilll-Vandervort;Hube Corey;Wat Bowkley;Mobile;28-6585323;23755.619999999995;0.2037999921072995;2019-09;2019;0.20379999210729952;OK
Portugal;296465.56;257480.34;2019-07-11;Clothing;Larkin-Collier;Celine Tumasian;Smitty Culverhouse;PC;58-7703341;38985.22;0.1314999961546966;2019-07;2019;0.13149999615469668;OK
Portugal;74532.02;59752.32;2020-04-02;Beauty;Hessel-Stiedemann;Celine Tumasian;Aurelie Wren;PC;14-6700183;14779.700000000004;0.1983000058230007;2020-04;2020;0.1983000058230007;OK
Spain;178763.42;146621.76;2019-12-22;Games;Johns and Sons;Emalia Dinse;Bertha Walbrook;Tablet;15-8765160;32141.660000000003;0.1797999836879379;2019-12;2019;0.17979998368793795;OK
Spain;84900.24;73701.9;2020-07-14;Clothing;Farrell, Swaniawski and Crist;Emalia Dinse;Perri Aldersley;PC;60-6998932;11198.340000000013;0.1318999804947549;2020-07;2020;0.13189998049475493;OK
Portugal;71620.08;62245.01;2019-02-05;Books;Schoen-Keeling;Celine Tumasian;Smitty Culverhouse;PC;69-6259390;9375.07;0.1309000213347988;2019-02;2019;0.13090002133479883;OK
UK;156585.22;126599.15;2020-08-30;Accessories;Hermiston, Simonis and Wisoky;Jessamine Apark;Winny Agnolo;PC;64-5761908;29986.070000000007;0.1915000023629306;2020-08;2020;0.1915000023629306;OK
Portugal;78461.13;63537.82;2020-05-10;Appliances;Hessel-Stiedemann;Celine Tumasian;Smitty Culverhouse;Mobile;91-4126746;14923.310000000003;0.1902000391786353;2020-05;2020;0.19020003917863537;OK
France;64827.8;56043.63;2019-01-20;Appliances;Gislason-Stanton;Othello Bowes;Maighdiln Upcraft;PC;62-3312495;8784.170000000006;0.1355000478189913;2019-01;2019;0.1355000478189913;OK
Sweden;142664.34;120808.16;2019-05-04;Appliances;Swaniawski, Runolfsson and Green;Maxie Marrow;Madelon Bront;PC;85-6625096;21856.179999999997;0.1532000218134398;2019-05;2019;0.15320002181343984;OK
UK;66673.19;52811.83;2019-02-23;Smartphones;Gislason-Stanton;Jessamine Apark;Winny Agnolo;PC;25-6368157;13861.36;0.2079000569794245;2019-02;2019;0.20790005697942457;OK
Portugal;136915.61;114790.05;2020-01-04;Outdoors;Hessel-Stiedemann;Celine Tumasian;Aurelie Wren;Tablet;15-3943365;22125.559999999983;0.1615999811854907;2020-01;2020;0.1615999811854907;OK
UK;164971.7;132686.74;2019-07-20;Accessories;Wisoky Inc;Jessamine Apark;Winny Agnolo;PC;32-3534634;32284.96000000002;0.1956999897558188;2019-07;2019;0.19569998975581884;OK
UK;149486.27;118662.2;2019-08-06;Beauty;Johns and Sons;Jessamine Apark;Genevra Charrisson;PC;02-3972649;30824.069999999992;0.2062000075324643;2019-08;2019;0.2062000075324643;OK
Sweden;54078.92;46102.28;2020-11-08;Books;Tillman and Sons;Maxie Marrow;Anita Woakes;PC;08-7576451;7976.639999999999;0.1474999870559545;2020-11;2020;0.14749998705595452;OK
France;107499.78;91364.06;2019-02-26;Smartphones;Rowe, Hermiston and Kessler;Othello Bowes;Amelina Piscopiello;PC;68-3583935;16135.72;0.1501000281116854;2019-02;2019;0.15010002811168544;OK
UK;29493.79;24285.19;2019-11-22;Games;Tillman and Sons;Jessamine Apark;Jay Morefield;PC;53-7769693;5208.600000000002;0.1765998876373637;2019-11;2019;0.17659988763736373;OK
Portugal;147656.52;124193.9;2019-06-05;Smartphones;Goldner-Dibbert;Celine Tumasian;Corene Shirer;PC;85-4732103;23462.619999999995;0.1588999930378963;2019-06;2019;0.15889999303789631;OK
Portugal;156839.31;134709.28;2020-05-11;Smartphones;Stamm Inc;Celine Tumasian;Corene Shirer;PC;27-9800293;22130.03;0.1411000214168246;2020-05;2020;0.14110002141682465;OK
Spain;81412.1;64747.04;2019-11-06;Electronics;Johns and Sons;Emalia Dinse;Bertha Walbrook;PC;67-3929836;16665.060000000005;0.2047000384463735;2019-11;2019;0.2047000384463735;OK
Sweden;56717.53;45101.78;2019-03-10;Clothing;Johns and Sons;Maxie Marrow;Alyosha Meah;PC;13-0526029;11615.75;0.2047999974611024;2019-03;2019;0.20479999746110242;OK
Netherlands;17028.19;14102.75;2020-02-07;Clothing;Johns and Sons;Denice Amberg;Nero Harbisher;PC;38-5910704;2925.4399999999987;0.1717998213550588;2020-02;2020;0.1717998213550588;OK
Finland;236462.3;205674.91;2020-12-23;Clothing;Hessel-Stiedemann;Hube Corey;Wat Bowkley;PC;41-6407014;30787.389999999985;0.1301999938256541;2020-12;2020;0.13019999382565417;OK
Portugal;172989.17;142975.55;2020-06-10;Beauty;Romaguera-Dietrich;Celine Tumasian;Hortense Gerring;PC;22-6745595;30013.620000000024;0.1734999942481949;2020-06;2020;0.17349999424819498;OK
Sweden;48179.57;41405.52;2020-08-14;Books;Franecki-White;Maxie Marrow;Anita Woakes;PC;96-3022721;6774.050000000003;0.1406000510174749;2020-08;2020;0.1406000510174749;OK
Portugal;121318.55;102890.26;2020-03-10;Electronics;Jacobson, Marvin and Brown;Celine Tumasian;Aurelie Wren;Tablet;48-0713329;18428.290000000008;0.1519000185874296;2020-03;2020;0.1519000185874296;OK
Belgium;93153.98;79702.55;2020-04-03;Appliances;Armstrong-Little;Lambert Norheny;Collin Mackness;Mobile;50-0942872;13451.429999999991;0.1443999494170833;2020-04;2020;0.1443999494170833;OK
Bulgaria;98289.32;84116.0;2019-02-15;Appliances;Murray, Reichel and Nolan;Charil Alpe;Shermy McGready;PC;78-2307905;14173.320000000009;0.1442000005697466;2019-02;2019;0.1442000005697466;OK
Luxembourg;108920.56;94270.74;2019-07-08;Books;Swaniawski, Runolfsson and Green;Ilsa Kob;Jocelyn Laurentino;PC;63-0019978;14649.819999999992;0.1345000429670944;2019-07;2019;0.13450004296709447;OK
Portugal;37273.84;31559.76;2020-01-20;Games;Considine-Fisher;Celine Tumasian;Aurelie Wren;Tablet;26-9948924;5714.079999999998;0.1533000087997372;2020-01;2020;0.15330000879973726;OK
Spain;221745.05;190767.27;2019-06-25;Appliances;Kirlin and Sons;Emalia Dinse;Bertha Walbrook;Mobile;72-7630507;30977.78;0.1396999842837529;2019-06;2019;0.1396999842837529;OK
Netherlands;54566.99;43757.27;2020-03-23;Smartphones;Friesen-Rath;Denice Amberg;Nero Harbisher;PC;36-3410564;10809.72;0.1980999868235356;2020-03;2020;0.1980999868235356;OK
Portugal;111639.29;97204.33;2019-10-28;Smartphones;Keeling, Monahan and Pollich;Celine Tumasian;Hortense Gerring;PC;82-4653018;14434.959999999992;0.1292999982353882;2019-10;2019;0.1292999982353882;OK
Sweden;74273.54;61981.27;2020-03-28;Beauty;Swaniawski, Runolfsson and Green;Maxie Marrow;Caro Morfield;PC;29-1001593;12292.269999999997;0.1654999882865418;2020-03;2020;0.16549998828654186;OK
Portugal;95566.43;80342.7;2019-05-07;Clothing;Hessel-Stiedemann;Celine Tumasian;Hortense Gerring;PC;59-5568557;15223.729999999996;0.1592999759434353;2019-05;2019;0.15929997594343534;OK
France;28783.05;24776.45;2019-03-29;Clothing;Dibbert Inc;Othello Bowes;Maighdiln Upcraft;PC;12-1249283;4006.599999999999;0.1391999805441049;2019-03;2019;0.13919998054410493;OK
UK;124414.74;98959.48;2019-06-13;Outdoors;Labadie and Sons;Jessamine Apark;Winny Agnolo;PC;96-0180648;25455.26000000001;0.2046000337259074;2019-06;2019;0.20460003372590746;OK
Portugal;153029.72;125117.1;2020-01-28;Games;Friesen-Rath;Celine Tumasian;Corene Shirer;PC;51-9029547;27912.619999999995;0.1823999939358184;2020-01;2020;0.18239999393581846;OK
Sweden;174919.64;146845.04;2020-11-03;Clothing;Wiza and Sons;Maxie Marrow;Caro Morfield;Mobile;84-2614836;28074.60000000001;0.1604999873084577;2020-11;2020;0.1604999873084578;OK
France;55804.05;46401.07;2019-03-05;Electronics;Rowe, Hermiston and Kessler;Othello Bowes;Crysta Halls;PC;57-6995715;9402.980000000003;0.1684999565443727;2019-03;2019;0.16849995654437272;OK
France;89160.66;75367.51;2019-11-18;Beauty;Wiza and Sons;Othello Bowes;Crysta Halls;PC;27-4115444;13793.150000000009;0.1546999539931625;2019-11;2019;0.15469995399316255;OK
UK;27987.13;24001.76;2019-03-26;Games;Labadie and Sons;Jessamine Apark;Genevra Charrisson;PC;34-3302340;3985.3700000000026;0.1424000960441461;2019-03;2019;0.1424000960441461;OK
France;18326.41;15067.97;2019-02-03;Games;Schmitt, Purdy and Johnson;Othello Bowes;Ora Grennan;PC;25-6638623;3258.4400000000005;0.177800234743193;2019-02;2019;0.17780023474319304;OK
Netherlands;62708.6;51414.78;2019-08-29;Smartphones;Hamill, Kulas and Roob;Denice Amberg;Nero Harbisher;PC;11-5260310;11293.82;0.1801000181793247;2019-08;2019;0.1801000181793247;OK
UK;124668.36;103998.35;2020-11-05;Games;Hessel-Stiedemann;Jessamine Apark;Winny Agnolo;PC;68-5024232;20670.009999999995;0.1657999672090015;2020-11;2020;0.1657999672090015;OK
Italy;109390.57;87414.0;2020-11-12;Other;Schoen-Keeling;Piggy Roscrigg;Joshua Prevost;Mobile;90-2530115;21976.570000000007;0.2009000410181609;2020-11;2020;0.20090004101816095;OK
Portugal;103279.79;82334.65;2020-03-12;Appliances;Johns and Sons;Celine Tumasian;Aurelie Wren;PC;23-8271333;20945.14;0.2027999863283998;2020-03;2020;0.2027999863283998;OK
France;173478.65;139650.31;2019-01-29;Books;Johns and Sons;Othello Bowes;Avrit Chanders;PC;99-7422044;33828.34;0.1950000187342938;2019-01;2019;0.1950000187342938;OK
Sweden;57927.54;48914.01;2019-01-18;Games;Fisher, Morar and Skiles;Maxie Marrow;Alyosha Meah;Mobile;67-6692861;9013.53;0.1556000824478305;2019-01;2019;0.15560008244783052;OK
Portugal;84767.77;68950.1;2020-01-18;Electronics;McGlynn-Bergstrom;Celine Tumasian;Smitty Culverhouse;Mobile;20-3441688;15817.669999999998;0.1866000485797845;2020-01;2020;0.1866000485797845;OK
France;138175.53;116744.51;2020-11-03;Other;Spencer, Rogahn and Muller;Othello Bowes;Ora Grennan;PC;80-8230605;21431.020000000004;0.1550999659635827;2020-11;2020;0.15509996596358272;OK
Portugal;143107.89;121241.0;2020-11-02;Electronics;Kirlin and Sons;Celine Tumasian;Hortense Gerring;Mobile;18-0704377;21866.89000000001;0.1528000308019356;2020-11;2020;0.15280003080193558;OK
Sweden;54446.5;44989.14;2020-03-09;Appliances;Wunsch LLC;Maxie Marrow;Alyosha Meah;Tablet;47-5524071;9457.36;0.1737000541816278;2020-03;2020;0.17370005418162784;OK
Portugal;136324.9;110436.8;2019-10-29;Electronics;Walter LLC;Celine Tumasian;Hortense Gerring;Tablet;76-2572347;25888.09999999999;0.1899000109297714;2019-10;2019;0.1899000109297714;OK
Portugal;43066.58;36154.39;2019-02-08;Games;Hamill, Kulas and Roob;Celine Tumasian;Hortense Gerring;Mobile;74-4429133;6912.190000000002;0.1605000907896564;2019-02;2019;0.16050009078965644;OK
France;224626.25;189988.88;2020-07-21;Electronics;Christiansen, Donnelly and Bechtelar;Othello Bowes;Ora Grennan;PC;69-1300467;34637.369999999995;0.1542000100166387;2020-07;2020;0.15420001001663872;OK
France;115689.22;98127.6;2019-07-15;Clothing;Altenwerth-Konopelski;Othello Bowes;Avrit Chanders;PC;99-8643527;17561.619999999995;0.1517999689167235;2019-07;2019;0.15179996891672357;OK
Bulgaria;78293.94;66236.67;2019-10-13;Appliances;Rowe, Hermiston and Kessler;Charil Alpe;Bernadine Fullagar;Mobile;14-1143584;12057.270000000004;0.1540000413825131;2019-10;2019;0.15400004138251316;OK
Portugal;92698.45;73454.25;2020-01-13;Clothing;Hessel-Stiedemann;Celine Tumasian;Corene Shirer;PC;62-4331197;19244.2;0.207600019202047;2020-01;2020;0.20760001920204707;OK
Bulgaria;83141.47;72000.51;2019-03-15;Outdoors;Wisoky Inc;Charil Alpe;Shermy McGready;Mobile;02-3333733;11140.960000000006;0.1340000363236301;2019-03;2019;0.13400003632363014;OK
Portugal;38982.26;32854.25;2019-10-12;Clothing;Hegmann Group;Celine Tumasian;Smitty Culverhouse;Mobile;09-3959499;6128.010000000002;0.1571999673697728;2019-10;2019;0.15719996736977285;OK
Portugal;57120.58;49654.92;2019-11-25;Games;Leffler, Prohaska and Streich;Celine Tumasian;Aurelie Wren;PC;55-7848276;7465.6600000000035;0.1307000033963241;2019-11;2019;0.13070000339632412;OK
Sweden;240759.07;205415.64;2020-06-14;Appliances;Schmitt, Purdy and Johnson;Maxie Marrow;Tarrah Castelletti;PC;98-1814878;35343.42999999999;0.1467999938693898;2020-06;2020;0.1467999938693898;OK
Sweden;53849.12;47354.92;2020-04-15;Games;Rowe, Hermiston and Kessler;Maxie Marrow;Alyosha Meah;PC;83-9569509;6494.200000000004;0.1205999280953895;2020-04;2020;0.12059992809538957;OK
Ireland;361182.87;288368.4;2019-12-02;Books;Smith Group;Glenine Suttaby;Bunnie Tonbridge;PC;44-1953194;72814.46999999997;0.2016000094356633;2019-12;2019;0.20160000943566336;OK
Sweden;97063.22;78067.95;2019-10-19;Appliances;Zieme, Bailey and Herzog;Maxie Marrow;Madelon Bront;Tablet;50-0376562;18995.270000000004;0.195699977808278;2019-10;2019;0.195699977808278;OK
Spain;39110.97;34315.97;2019-10-27;Clothing;Bashirian, Okuneva and Bechtelar;Emalia Dinse;Perri Aldersley;PC;06-9596696;4795.0;0.122599874152955;2019-10;2019;0.12259987415295504;OK
France;123672.7;106036.97;2020-11-13;Smartphones;McGlynn-Prosacco;Othello Bowes;Crysta Halls;PC;46-2632808;17635.729999999996;0.1426000240958594;2020-11;2020;0.14260002409585945;OK
France;144640.8;118345.1;2019-04-11;Electronics;Murray, Reichel and Nolan;Othello Bowes;Avrit Chanders;PC;77-7771177;26295.699999999983;0.181800017699017;2019-04;2019;0.18180001769901705;OK
France;268779.03;233676.49;2019-12-27;Smartphones;O'Connell-Mitchell;Othello Bowes;Ora Grennan;Mobile;13-0624842;35102.54000000004;0.1305999950963437;2019-12;2019;0.13059999509634376;OK
Sweden;53593.86;45629.81;2020-07-12;Electronics;Friesen-Rath;Maxie Marrow;Caro Morfield;PC;71-4409662;7964.050000000003;0.1486000448558846;2020-07;2020;0.14860004485588466;OK
France;155044.02;134268.12;2019-10-25;Beauty;West-Cummings;Othello Bowes;Amelina Piscopiello;PC;46-0270404;20775.899999999998;0.1340000085137111;2019-10;2019;0.13400000851371113;OK
Portugal;102495.13;85009.46;2020-08-08;Smartphones;Hermiston, Simonis and Wisoky;Celine Tumasian;Hortense Gerring;Tablet;70-7107956;17485.67;0.1706000080198932;2020-08;2020;0.17060000801989322;OK
Portugal;294472.77;255572.92;2019-06-11;Smartphones;Gislason-Stanton;Celine Tumasian;Smitty Culverhouse;Tablet;84-5310661;38899.850000000006;0.1320999900941605;2019-06;2019;0.1320999900941605;OK
Sweden;64053.77;54733.95;2020-09-01;Beauty;Armstrong-Little;Maxie Marrow;Anita Woakes;PC;75-6638402;9319.82;0.1454999448119915;2020-09;2020;0.14549994481199155;OK
UK;24543.72;19492.62;2019-03-22;Clothing;Hessel-Stiedemann;Jessamine Apark;Jay Morefield;PC;53-0615558;5051.100000000002;0.2058000987625348;2019-03;2019;0.20580009876253486;OK
Portugal;161544.06;132579.21;2019-09-12;Clothing;Johns and Sons;Celine Tumasian;Smitty Culverhouse;PC;00-2549549;28964.85000000001;0.179300000259991;2019-09;2019;0.17930000025999104;OK
Portugal;50303.66;41103.12;2020-01-06;Appliances;Christiansen, Donnelly and Bechtelar;Celine Tumasian;Smitty Culverhouse;PC;23-1397222;9200.54;0.1829000116492517;2020-01;2020;0.18290001164925176;OK
Sweden;124593.04;109106.13;2020-01-11;Appliances;Johns and Sons;Maxie Marrow;Madelon Bront;Mobile;00-4698524;15486.909999999987;0.124299960896692;2020-01;2020;0.12429996089669204;OK
Sweden;44147.92;37163.72;2020-05-18;Beauty;Murray, Reichel and Nolan;Maxie Marrow;Madelon Bront;PC;76-3837496;6984.199999999997;0.1581999786173391;2020-05;2020;0.15819997861733912;OK
Bulgaria;42239.66;37039.96;2019-05-17;Smartphones;Johns and Sons;Charil Alpe;Shermy McGready;PC;61-7979087;5199.700000000004;0.1230999491946669;2019-05;2019;0.12309994919466691;OK
Sweden;113763.38;91158.6;2020-04-01;Books;Christiansen, Donnelly and Bechtelar;Maxie Marrow;Madelon Bront;PC;52-8377955;22604.78;0.1986999683026295;2020-04;2020;0.19869996830262954;OK
Portugal;183363.6;155033.92;2019-06-24;Smartphones;Johns and Sons;Celine Tumasian;Hortense Gerring;PC;87-6162387;28329.679999999997;0.1545000207238513;2019-06;2019;0.15450002072385138;OK
France;85220.83;73767.15;2019-09-15;Beauty;Shanahan, Schaden and Parker;Othello Bowes;Crysta Halls;Tablet;11-8965256;11453.680000000008;0.1344000052569308;2019-09;2019;0.13440000525693083;OK
Portugal;87513.27;72469.74;2020-03-05;Books;Lubowitz, McLaughlin and Erdman;Celine Tumasian;Corene Shirer;Mobile;16-9079414;15043.53;0.1718999872819287;2020-03;2020;0.1718999872819288;OK
Bulgaria;37073.91;30274.55;2019-04-26;Books;Rath-Schroeder;Charil Alpe;Bernadine Fullagar;Tablet;15-9091881;6799.360000000004;0.183400132330256;2019-04;2019;0.18340013233025607;OK
France;122139.94;103684.6;2019-11-02;Smartphones;Smith Group;Othello Bowes;Ora Grennan;PC;07-3222085;18455.34;0.1510999596037135;2019-11;2019;0.15109995960371359;OK
France;107586.21;94525.24;2020-06-07;Electronics;Spencer, Rogahn and Muller;Othello Bowes;Amelina Piscopiello;PC;20-3384992;13060.97;0.1214000381647425;2020-06;2020;0.12140003816474247;OK
UK;203958.16;176444.2;2020-12-02;Appliances;Larkin-Collier;Jessamine Apark;Genevra Charrisson;PC;09-3404706;27513.959999999992;0.1349000206709061;2020-12;2020;0.13490002067090617;OK
Portugal;55132.39;47121.65;2019-06-11;Clothing;Dickinson, Hyatt and Berge;Celine Tumasian;Hortense Gerring;PC;97-8712680;8010.739999999998;0.1453000677097437;2019-06;2019;0.14530006770974374;OK
Ireland;135424.06;116275.1;2020-01-15;Electronics;Hamill, Kulas and Roob;Glenine Suttaby;Palm Wetherald;PC;43-4245267;19148.959999999992;0.1413999846113016;2020-01;2020;0.14139998461130165;OK
Sweden;167123.72;132946.92;2019-08-01;Smartphones;Hegmann Group;Maxie Marrow;Alyosha Meah;PC;58-8969119;34176.79999999999;0.2044999955721425;2019-08;2019;0.20449999557214252;OK
Germany;92868.37;79068.13;2020-03-30;Electronics;Fisher, Morar and Skiles;Rickard Doogood;Casie MacBain;PC;88-8436664;13800.23999999999;0.1486000023474084;2020-03;2020;0.1486000023474084;OK
Portugal;108689.45;91223.06;2019-11-09;Appliances;Walter LLC;Celine Tumasian;Brynn Dempster;Mobile;35-6825112;17466.39;0.1606999575395772;2019-11;2019;0.16069995753957722;OK
Portugal;79874.42;68132.88;2020-11-14;Outdoors;Farrell, Swaniawski and Crist;Celine Tumasian;Smitty Culverhouse;PC;24-4511396;11741.539999999994;0.1470000032551096;2020-11;2020;0.14700000325510962;OK
Germany;153011.39;131543.89;2019-09-13;Appliances;Johns and Sons;Rickard Doogood;Casie MacBain;PC;99-0564964;21467.5;0.1403000129598195;2019-09;2019;0.1403000129598195;OK
Portugal;72857.41;60442.51;2020-05-10;Clothing;Armstrong-Little;Celine Tumasian;Brynn Dempster;PC;47-9920494;12414.9;0.1703999634354282;2020-05;2020;0.17039996343542818;OK
France;102771.44;83584.01;2019-11-24;Accessories;McClure Inc;Othello Bowes;Maighdiln Upcraft;PC;82-9352154;19187.430000000008;0.1867000209396697;2019-11;2019;0.1867000209396697;OK
UK;90559.16;75318.05;2019-08-26;Outdoors;Dickinson, Hyatt and Berge;Jessamine Apark;Genevra Charrisson;PC;74-6920956;15241.11;0.1683000372353277;2019-08;2019;0.16830003723532772;OK
Portugal;141796.75;112317.21;2020-09-16;Games;Johns and Sons;Celine Tumasian;Corene Shirer;PC;16-8778373;29479.539999999997;0.2078999694985956;2020-09;2020;0.20789996949859568;OK
Bulgaria;103874.1;82112.48;2019-01-14;Outdoors;Johns and Sons;Charil Alpe;Shermy McGready;PC;85-4014655;21761.62000000001;0.2094999619731964;2019-01;2019;0.20949996197319648;OK
Spain;134908.19;114388.65;2020-08-18;Clothing;Romaguera-Dietrich;Emalia Dinse;Perri Aldersley;PC;25-2355172;20519.540000000008;0.1521000318809407;2020-08;2020;0.1521000318809407;OK
Portugal;45256.74;38975.1;2019-01-14;Other;Spencer, Rogahn and Muller;Celine Tumasian;Smitty Culverhouse;PC;31-7667796;6281.639999999999;0.1388000991675494;2019-01;2019;0.1388000991675494;OK
Portugal;131018.65;107920.06;2020-04-02;Clothing;Hane Inc;Celine Tumasian;Brynn Dempster;PC;39-2536155;23098.59;0.1763000153031648;2020-04;2020;0.17630001530316486;OK
Ireland;84877.87;68454.0;2019-12-01;Electronics;Zieme, Bailey and Herzog;Glenine Suttaby;Bunnie Tonbridge;PC;30-8840089;16423.869999999995;0.1935000253894212;2019-12;2019;0.19350002538942124;OK
France;168197.78;144246.42;2019-01-13;Smartphones;Kihn Inc;Othello Bowes;Crysta Halls;PC;93-8309926;23951.359999999982;0.142399976979482;2019-01;2019;0.14239997697948203;OK
UK;383996.76;304701.43;2019-12-19;Other;Johns and Sons;Jessamine Apark;Winny Agnolo;PC;42-7823733;79295.33000000002;0.2064999975520627;2019-12;2019;0.20649999755206272;OK
France;56811.14;48221.3;2019-10-07;Clothing;Schowalter, Lesch and Beahan;Othello Bowes;Ora Grennan;PC;03-9337803;8589.839999999997;0.1511999231136709;2019-10;2019;0.15119992311367095;OK
Portugal;74364.46;60145.98;2020-01-21;Clothing;Altenwerth-Konopelski;Celine Tumasian;Aurelie Wren;Mobile;42-1879788;14218.480000000003;0.1911999360985073;2020-01;2020;0.1911999360985073;OK
Finland;235608.66;201468.96;2020-07-27;Games;Hegmann Group;Hube Corey;Wat Bowkley;Tablet;42-8394841;34139.70000000001;0.144900021926189;2020-07;2020;0.144900021926189;OK
Sweden;31627.37;25662.45;2020-08-27;Beauty;Christiansen, Donnelly and Bechtelar;Maxie Marrow;Caro Morfield;Mobile;84-5642889;5964.919999999998;0.1885999373327595;2020-08;2020;0.1885999373327595;OK
Sweden;57227.99;46331.78;2019-03-28;Appliances;Johns and Sons;Maxie Marrow;Alyosha Meah;PC;92-7234550;10896.21;0.1904000123016726;2019-03;2019;0.19040001230167264;OK
Portugal;84598.68;72391.09;2020-04-28;Clothing;Hamill, Kulas and Roob;Celine Tumasian;Brynn Dempster;PC;98-5721101;12207.589999999997;0.1443000056265653;2020-04;2020;0.1443000056265653;OK
Sweden;98322.98;84872.4;2020-10-09;Clothing;Hessel-Stiedemann;Maxie Marrow;Tarrah Castelletti;PC;32-9344186;13450.580000000002;0.1367999627350595;2020-10;2020;0.1367999627350595;OK
Netherlands;62567.58;49916.42;2019-04-21;Clothing;Hessel-Stiedemann;Denice Amberg;Nero Harbisher;PC;40-7356336;12651.160000000003;0.2021999252648097;2019-04;2019;0.2021999252648097;OK
Sweden;239423.57;199152.52;2019-12-08;Electronics;Hamill, Kulas and Roob;Maxie Marrow;Madelon Bront;Mobile;94-1762263;40271.05000000002;0.1682000230804344;2019-12;2019;0.16820002308043447;OK
France;68773.03;59082.91;2019-09-30;Games;Hessel-Stiedemann;Othello Bowes;Amelina Piscopiello;PC;26-5649751;9690.119999999995;0.1409000010614625;2019-09;2019;0.14090000106146255;OK
Germany;102918.09;87480.38;2019-10-28;Smartphones;Swaniawski, Runolfsson and Green;Rickard Doogood;Casie MacBain;PC;88-5343320;15437.709999999992;0.149999965992373;2019-10;2019;0.14999996599237309;OK
UK;150313.19;118927.8;2020-01-23;Beauty;Johns and Sons;Jessamine Apark;Jay Morefield;PC;09-6527060;31385.39;0.2087999729098956;2020-01;2020;0.20879997290989566;OK
Sweden;144072.9;123729.81;2019-07-13;Beauty;Fisher, Morar and Skiles;Maxie Marrow;Anita Woakes;PC;85-3431441;20343.09;0.1411999758455615;2019-07;2019;0.14119997584556152;OK
Sweden;69681.43;55529.13;2020-01-25;Clothing;Romaguera-Dietrich;Maxie Marrow;Alyosha Meah;PC;78-3301264;14152.299999999996;0.2031000224880574;2020-01;2020;0.2031000224880574;OK
Sweden;78542.59;68010.03;2019-05-26;Games;Kihn Inc;Maxie Marrow;Caro Morfield;PC;02-9523107;10532.559999999998;0.1340999832065634;2019-05;2019;0.13409998320656344;OK
Portugal;37582.13;31967.36;2020-05-07;Appliances;Hilll-Vandervort;Celine Tumasian;Smitty Culverhouse;Mobile;19-9205287;5614.769999999997;0.1493999940929372;2020-05;2020;0.1493999940929372;OK
Sweden;88329.48;73755.12;2020-08-16;Clothing;Corwin and Sons;Maxie Marrow;Caro Morfield;Mobile;94-1199389;14574.36;0.1649999524507559;2020-08;2020;0.16499995245075597;OK
Portugal;249099.44;215695.2;2020-06-15;Other;Johns and Sons;Celine Tumasian;Corene Shirer;PC;88-4621939;33404.23999999999;0.1341000204576934;2020-06;2020;0.13410002045769348;OK
UK;28328.78;24408.08;2019-02-19;Clothing;Dickinson, Hyatt and Berge;Jessamine Apark;Jay Morefield;PC;68-9634139;3920.699999999997;0.1383998887350601;2019-02;2019;0.13839988873506015;OK
Portugal;162246.76;142663.58;2019-08-28;Games;Hessel-Stiedemann;Celine Tumasian;Corene Shirer;PC;44-5200140;19583.180000000026;0.1206999757653097;2019-08;2019;0.12069997576530973;OK
Germany;161217.16;135696.48;2019-10-20;Games;Labadie and Sons;Rickard Doogood;Casie MacBain;PC;98-6247105;25520.679999999997;0.1583000221564503;2019-10;2019;0.1583000221564503;OK
France;37397.43;30837.92;2020-05-17;Games;Hegmann Group;Othello Bowes;Avrit Chanders;PC;24-6566439;6559.510000000002;0.1754000208035686;2020-05;2020;0.17540002080356865;OK
UK;99064.31;85393.44;2020-07-10;Books;Johns and Sons;Jessamine Apark;Winny Agnolo;PC;52-9152387;13670.869999999995;0.1379999517485156;2020-07;2020;0.13799995174851565;OK
Sweden;15817.05;13743.44;2019-03-10;Clothing;Kihn Inc;Maxie Marrow;Anita Woakes;PC;26-9787272;2073.6099999999988;0.1310996677635841;2019-03;2019;0.13109966776358417;OK
Portugal;38930.16;32837.59;2020-11-18;Outdoors;Spencer, Rogahn and Muller;Celine Tumasian;Brynn Dempster;PC;12-2202467;6092.570000000007;0.1564999989725191;2020-11;2020;0.15649999897251915;OK
Portugal;28859.73;23656.32;2019-01-09;Electronics;Larkin-Collier;Celine Tumasian;Corene Shirer;Mobile;82-0537890;5203.41;0.1803000235968943;2019-01;2019;0.18030002359689434;OK
France;54079.04;45031.62;2020-05-29;Games;Lueilwitz, Kerluke and Lesch;Othello Bowes;Avrit Chanders;PC;15-6838362;9047.419999999998;0.167299937276993;2020-05;2020;0.16729993727699305;OK
Sweden;70596.7;60564.91;2020-02-09;Electronics;Hilll-Vandervort;Maxie Marrow;Alyosha Meah;PC;51-0685379;10031.789999999994;0.1420999848434841;2020-02;2020;0.1420999848434841;OK
UK;169629.55;135347.42;2019-10-23;Outdoors;Johns and Sons;Jessamine Apark;Jay Morefield;PC;76-5919033;34282.129999999976;0.2020999878853653;2019-10;2019;0.20209998788536537;OK
Portugal;95387.89;76195.85;2020-05-08;Books;Gislason-Stanton;Celine Tumasian;Aurelie Wren;PC;34-7627348;19192.039999999997;0.2011999636431835;2020-05;2020;0.2011999636431836;OK
France;50585.98;40999.94;2020-08-29;Beauty;Bashirian, Okuneva and Bechtelar;Othello Bowes;Maighdiln Upcraft;Tablet;32-1940437;9586.04;0.1894999365436826;2020-08;2020;0.18949993654368266;OK
Sweden;103726.57;90231.74;2020-05-21;Clothing;Dibbert Inc;Maxie Marrow;Caro Morfield;Mobile;25-9913528;13494.830000000002;0.1301000312648919;2020-05;2020;0.13010003126489192;OK
UK;222700.23;194951.78;2020-12-12;Appliances;Johns and Sons;Jessamine Apark;Genevra Charrisson;Mobile;73-3464233;27748.45000000001;0.1246000060260378;2020-12;2020;0.12460000602603782;OK
Portugal;143322.47;114213.68;2020-05-19;Books;Johns and Sons;Celine Tumasian;Corene Shirer;PC;04-2863062;29108.790000000008;0.2030999744841127;2020-05;2020;0.2030999744841127;OK
UK;128227.36;106710.81;2019-06-01;Accessories;Murray, Reichel and Nolan;Jessamine Apark;Jay Morefield;PC;18-7077174;21516.550000000003;0.1677999921389631;2019-06;2019;0.16779999213896318;OK
Sweden;127939.8;112267.17;2019-12-09;Clothing;Gislason-Stanton;Maxie Marrow;Alyosha Meah;PC;64-8300193;15672.630000000005;0.1225000351727922;2019-12;2019;0.12250003517279223;OK
Sweden;146540.75;120822.85;2019-04-30;Smartphones;Swaniawski, Runolfsson and Green;Maxie Marrow;Anita Woakes;PC;84-2858993;25717.899999999998;0.1754999889109343;2019-04;2019;0.17549998891093432;OK
Portugal;36321.68;31581.7;2020-10-29;Books;Kirlin and Sons;Celine Tumasian;Smitty Culverhouse;PC;72-2647440;4739.98;0.1305000209241422;2020-10;2020;0.13050002092414226;OK
Spain;42814.57;35356.27;2019-02-01;Beauty;Wiza and Sons;Emalia Dinse;Perri Aldersley;PC;68-1806238;7458.300000000003;0.1742000445175556;2019-02;2019;0.17420004451755566;OK
UK;169262.2;141080.04;2020-04-26;Beauty;Considine-Fisher;Jessamine Apark;Winny Agnolo;PC;87-0922827;28182.160000000003;0.1665000218595764;2020-04;2020;0.16650002185957646;OK
Sweden;114427.36;93727.45;2020-03-11;Other;Tillman and Sons;Maxie Marrow;Madelon Bront;PC;33-8547717;20699.910000000003;0.1809000050337612;2020-03;2020;0.1809000050337612;OK
UK;126979.62;105113.73;2019-09-26;Electronics;Dibbert Inc;Jessamine Apark;Genevra Charrisson;PC;15-5051694;21865.89;0.1721999955583423;2019-09;2019;0.17219999555834237;OK
Luxembourg;294874.74;259106.43;2020-12-15;Books;Morissette Group;Ilsa Kob;Jocelyn Laurentino;PC;37-2363680;35768.31;0.1213000136939501;2020-12;2020;0.12130001369395017;OK
UK;173258.94;143198.51;2019-05-24;Clothing;Johns and Sons;Jessamine Apark;Jay Morefield;PC;92-4106004;30060.429999999997;0.173500022567378;2019-05;2019;0.17350002256737804;OK
Luxembourg;158362.33;133990.37;2020-08-14;Books;Hessel-Stiedemann;Ilsa Kob;Jocelyn Laurentino;PC;39-1671087;24371.959999999992;0.1538999836640443;2020-08;2020;0.1538999836640443;OK
UK;50689.19;43597.77;2020-11-18;Clothing;Swaniawski, Runolfsson and Green;Jessamine Apark;Jay Morefield;PC;77-9240051;7091.4200000000055;0.1399000457493995;2020-11;2020;0.13990004574939954;OK
Ireland;117358.02;102664.8;2020-11-02;Clothing;Goldner-Dibbert;Glenine Suttaby;Palm Wetherald;PC;79-8966057;14693.22;0.1251999650300848;2020-11;2020;0.12519996503008485;OK
Sweden;93996.68;77171.27;2020-10-10;Games;Swaniawski, Runolfsson and Green;Maxie Marrow;Alyosha Meah;Mobile;75-0683725;16825.40999999999;0.179000045533523;2020-10;2020;0.179000045533523;OK
UK;119769.22;98234.71;2020-01-11;Books;Bashirian, Okuneva and Bechtelar;Jessamine Apark;Jay Morefield;PC;55-5032186;21534.509999999995;0.1798000354348136;2020-01;2020;0.17980003543481368;OK
France;84194.21;71885.02;2020-12-26;Books;Zieme, Bailey and Herzog;Othello Bowes;Avrit Chanders;Mobile;31-8836719;12309.190000000002;0.1461999584056908;2020-12;2020;0.14619995840569086;OK
Finland;205582.75;166748.17;2020-12-22;Beauty;Tromp LLC;Hube Corey;Wat Bowkley;PC;64-4923214;38834.57999999999;0.1888999928252734;2020-12;2020;0.18889999282527345;OK
Sweden;159793.46;139180.1;2019-06-15;Smartphones;Swaniawski, Runolfsson and Green;Maxie Marrow;Alyosha Meah;Tablet;98-2574776;20613.359999999982;0.1290000229045668;2019-06;2019;0.12900002290456683;OK
Portugal;104711.22;90868.4;2020-08-25;Clothing;Marquardt-Kuvalis;Celine Tumasian;Corene Shirer;PC;33-0729966;13842.820000000009;0.1321999686375539;2020-08;2020;0.13219996863755393;OK
France;69126.5;55902.6;2019-12-08;Electronics;Farrell, Swaniawski and Crist;Othello Bowes;Avrit Chanders;PC;07-3201531;13223.9;0.1913000079564277;2019-12;2019;0.1913000079564277;OK
Sweden;20226.11;17408.61;2019-02-23;Electronics;Larkin-Collier;Maxie Marrow;Caro Morfield;PC;21-3278349;2817.5;0.1393001422418843;2019-02;2019;0.13930014224188436;OK
France;65036.81;52361.14;2019-05-30;Other;Considine-Fisher;Othello Bowes;Amelina Piscopiello;PC;50-1695443;12675.669999999998;0.1948999343602492;2019-05;2019;0.1948999343602492;OK
France;254021.98;205605.39;2019-07-03;Clothing;McGlynn-Prosacco;Othello Bowes;Maighdiln Upcraft;PC;52-3693331;48416.59;0.1906000024092403;2019-07;2019;0.1906000024092403;OK
Luxembourg;160185.99;130487.51;2020-09-27;Accessories;Zieme, Bailey and Herzog;Ilsa Kob;Jocelyn Laurentino;PC;98-3033030;29698.48;0.1853999841059758;2020-09;2020;0.18539998410597583;OK
UK;81219.67;70319.99;2020-05-20;Clothing;Hessel-Stiedemann;Jessamine Apark;Genevra Charrisson;PC;34-5793997;10899.679999999991;0.1342000035213144;2020-05;2020;0.13420000352131436;OK
Portugal;108412.76;88594.91;2019-08-03;Smartphones;Romaguera-Haley;Celine Tumasian;Corene Shirer;Mobile;52-7280101;19817.84999999999;0.1827999766817115;2019-08;2019;0.18279997668171155;OK
Spain;42028.45;36299.97;2020-03-01;Other;Hessel-Stiedemann;Emalia Dinse;Perri Aldersley;PC;55-3118263;5728.479999999996;0.1363000538920658;2020-03;2020;0.13630005389206587;OK
Sweden;62272.96;54600.93;2019-02-20;Beauty;Romaguera-Haley;Maxie Marrow;Caro Morfield;PC;58-9822844;7672.029999999999;0.1232000213254677;2019-02;2019;0.12320002132546773;OK
Sweden;91350.76;75839.4;2019-02-04;Games;Tillman and Sons;Maxie Marrow;Alyosha Meah;PC;51-5324396;15511.36;0.1698000104213692;2019-02;2019;0.16980001042136925;OK
UK;123272.44;101576.49;2019-01-20;Clothing;Christiansen, Donnelly and Bechtelar;Jessamine Apark;Genevra Charrisson;Tablet;99-5465830;21695.95;0.1760000045427834;2019-01;2019;0.17600000454278344;OK
Luxembourg;182852.21;145440.65;2019-12-28;Outdoors;Johns and Sons;Ilsa Kob;Jocelyn Laurentino;PC;01-8696189;37411.56;0.2045999881543679;2019-12;2019;0.20459998815436795;OK
Portugal;118321.11;94822.54;2020-11-23;Electronics;Tillman and Sons;Celine Tumasian;Aurelie Wren;Tablet;20-7636879;23498.570000000007;0.1985999793274421;2020-11;2020;0.19859997932744214;OK
UK;74295.81;63716.09;2019-04-11;Games;Keeling, Monahan and Pollich;Jessamine Apark;Genevra Charrisson;PC;85-8092784;10579.72;0.1423999549907323;2019-04;2019;0.14239995499073232;OK
UK;152865.34;121130.5;2020-12-06;Clothing;Konopelski LLC;Jessamine Apark;Genevra Charrisson;PC;97-5905883;31734.84;0.207599970012823;2020-12;2020;0.20759997001282304;OK
France;171458.64;148877.54;2019-08-16;Books;McGlynn-Bergstrom;Othello Bowes;Crysta Halls;PC;74-6473826;22581.10000000001;0.1316999831562877;2019-08;2019;0.13169998315628775;OK
UK;156177.77;130096.08;2019-12-24;Clothing;Johns and Sons;Jessamine Apark;Winny Agnolo;PC;91-0416047;26081.689999999988;0.1670000154311333;2019-12;2019;0.16700001543113333;OK
Portugal;116023.51;96566.37;2020-06-02;Smartphones;Tillman and Sons;Celine Tumasian;Smitty Culverhouse;PC;34-0232219;19457.14;0.1676999773580371;2020-06;2020;0.16769997735803718;OK
France;70657.26;61330.5;2020-09-05;Other;Rowe, Hermiston and Kessler;Othello Bowes;Maighdiln Upcraft;PC;34-0783331;9326.759999999997;0.1320000237767498;2020-09;2020;0.13200002377674985;OK
Netherlands;104152.15;85696.39;2019-05-06;Smartphones;Swaniawski, Runolfsson and Green;Denice Amberg;Nero Harbisher;Mobile;30-8215510;18455.759999999995;0.1771999905906886;2019-05;2019;0.17719999059068867;OK
Portugal;84224.98;68239.08;2019-01-21;Appliances;Hessel-Stiedemann;Celine Tumasian;Aurelie Wren;Mobile;95-3196761;15985.899999999994;0.1897999857049535;2019-01;2019;0.18979998570495352;OK
Portugal;172505.24;139125.48;2020-10-02;Accessories;Romaguera-Haley;Celine Tumasian;Brynn Dempster;PC;99-3651863;33379.75999999998;0.193499977160114;2020-10;2020;0.193499977160114;OK
Portugal;89830.34;76795.96;2019-04-19;Games;Johns and Sons;Celine Tumasian;Aurelie Wren;Tablet;94-8641337;13034.37999999999;0.145099974017687;2019-04;2019;0.145099974017687;OK
Netherlands;353925.06;287528.72;2020-12-04;Clothing;Corwin and Sons;Denice Amberg;Nero Harbisher;PC;36-2694099;66396.34000000003;0.1875999964512262;2020-12;2020;0.18759999645122621;OK
France;141436.98;114691.25;2019-05-26;Outdoors;Walter LLC;Othello Bowes;Maighdiln Upcraft;PC;40-5308505;26745.73000000001;0.1890999793689034;2019-05;2019;0.18909997936890344;OK
UK;178465.4;156282.15;2020-04-27;Accessories;Romaguera-Haley;Jessamine Apark;Winny Agnolo;PC;68-8279682;22183.25;0.124300004370595;2020-04;2020;0.12430000437059509;OK
Sweden;110092.84;92797.25;2020-06-29;Other;Rowe, Hermiston and Kessler;Maxie Marrow;Anita Woakes;Tablet;50-2481520;17295.589999999997;0.1571000439265623;2020-06;2020;0.15710004392656232;OK
UK;154715.49;126572.74;2020-10-23;Electronics;Smith Group;Jessamine Apark;Genevra Charrisson;PC;46-1054213;28142.749999999985;0.1819000153119767;2020-10;2020;0.18190001531197675;OK
Sweden;92877.57;75936.7;2020-04-05;Electronics;Wisoky Inc;Maxie Marrow;Madelon Bront;Mobile;40-9497268;16940.87000000001;0.1824000132647743;2020-04;2020;0.18240001326477434;OK
France;66141.13;53435.42;2019-05-26;Clothing;Stehr LLC;Othello Bowes;Ora Grennan;PC;54-5107115;12705.710000000006;0.1920999837771142;2019-05;2019;0.19209998377711426;OK
Germany;241782.39;196544.91;2020-06-09;Appliances;Johns and Sons;Rickard Doogood;Casie MacBain;PC;15-7053450;45237.48000000001;0.1870999786212718;2020-06;2020;0.18709997862127184;OK
Portugal;211872.69;177930.69;2019-07-23;Games;Johns and Sons;Celine Tumasian;Hortense Gerring;Mobile;36-2012010;33942.0;0.1601999766935512;2019-07;2019;0.1601999766935512;OK
Portugal;170408.23;143432.61;2020-11-03;Clothing;Romaguera-Haley;Celine Tumasian;Aurelie Wren;Mobile;61-7521706;26975.620000000024;0.1582999835160544;2020-11;2020;0.15829998351605448;OK
Sweden;157683.41;130624.94;2019-06-08;Electronics;Hegmann Group;Maxie Marrow;Alyosha Meah;Tablet;17-0893784;27058.47;0.1715999799852121;2019-06;2019;0.17159997998521215;OK
Portugal;116157.89;97166.07;2019-11-14;Games;Parisian, Steuber and Satterfield;Celine Tumasian;Hortense Gerring;PC;23-5766200;18991.819999999992;0.1635000429157244;2019-11;2019;0.1635000429157244;OK
France;56106.13;45081.27;2020-03-12;Electronics;Rowe, Hermiston and Kessler;Othello Bowes;Amelina Piscopiello;PC;24-3140242;11024.86;0.1965000972264528;2020-03;2020;0.1965000972264528;OK
Sweden;40385.45;32591.06;2020-07-15;Smartphones;Armstrong-Little;Maxie Marrow;Tarrah Castelletti;PC;81-0573181;7794.389999999996;0.1929999541914228;2020-07;2020;0.19299995419142282;OK
UK;112491.58;92254.34;2019-10-24;Appliances;Hessel-Stiedemann;Jessamine Apark;Genevra Charrisson;Mobile;13-1936536;20237.240000000005;0.179900042296499;2019-10;2019;0.17990004229649903;OK
Finland;200635.57;172245.64;2019-12-11;Clothing;Larkin-Collier;Hube Corey;Wat Bowkley;PC;94-8026718;28389.929999999997;0.1414999842749717;2019-12;2019;0.14149998427497176;OK
Portugal;243176.92;202250.24;2020-07-03;Appliances;Gislason-Stanton;Celine Tumasian;Hortense Gerring;PC;81-5976459;40926.68000000002;0.1683000179457821;2020-07;2020;0.16830001794578212;OK
Portugal;52227.07;45124.19;2019-03-14;Books;Farrell, Swaniawski and Crist;Celine Tumasian;Corene Shirer;PC;28-6038070;7102.879999999997;0.1359999708963186;2019-03;2019;0.13599997089631866;OK
Bulgaria;147672.87;129110.39;2019-10-15;Electronics;Homenick-Marvin;Charil Alpe;Bernadine Fullagar;PC;81-7970957;18562.48;0.1257000016319855;2019-10;2019;0.1257000016319856;OK
France;149500.61;125401.11;2020-07-24;Games;McGlynn-Bergstrom;Othello Bowes;Crysta Halls;PC;60-8646184;24099.499999999985;0.161200011157145;2020-07;2020;0.16120001115714502;OK
France;53089.52;44812.86;2019-08-24;Beauty;Goldner-Dibbert;Othello Bowes;Crysta Halls;PC;32-2114915;8276.659999999996;0.1559000721799706;2019-08;2019;0.15590007217997068;OK
France;85223.07;73002.08;2019-09-15;Beauty;Hamill, Kulas and Roob;Othello Bowes;Maighdiln Upcraft;PC;58-7865136;12220.990000000003;0.1434000206751529;2019-09;2019;0.1434000206751529;OK
Denmark;58948.52;49416.54;2020-05-20;Clothing;Wisoky Inc;Modestia Byfford;Case Desorts;PC;98-9112505;9531.979999999996;0.1617000732164267;2020-05;2020;0.16170007321642674;OK
Portugal;165696.9;132275.84;2020-10-22;Electronics;Franecki-White;Celine Tumasian;Aurelie Wren;PC;03-0455038;33421.06;0.2016999714539016;2020-10;2020;0.20169997145390167;OK
Sweden;177993.88;145029.41;2019-12-02;Outdoors;Johns and Sons;Maxie Marrow;Alyosha Meah;Tablet;71-0122842;32964.47;0.1852000192366164;2019-12;2019;0.18520001923661644;OK
France;108713.83;90341.19;2020-03-09;Clothing;Hessel-Stiedemann;Othello Bowes;Amelina Piscopiello;PC;55-1395838;18372.64;0.1690000251118004;2020-03;2020;0.1690000251118004;OK
Finland;25816.05;21447.97;2019-09-08;Clothing;Smith Group;Hube Corey;Mellicent Mattys;Mobile;95-7886861;4368.079999999998;0.1692001681124726;2019-09;2019;0.1692001681124726;OK
Portugal;154072.89;121887.06;2020-09-30;Beauty;Rowe, Hermiston and Kessler;Celine Tumasian;Smitty Culverhouse;PC;19-3013452;32185.830000000016;0.2089000212821348;2020-09;2020;0.2089000212821348;OK
Finland;194962.05;154975.33;2020-07-05;Appliances;Rowe, Hermiston and Kessler;Hube Corey;Mellicent Mattys;PC;54-5082146;39986.72;0.2051000181830259;2020-07;2020;0.2051000181830259;OK
Portugal;60744.83;52805.48;2020-03-19;Smartphones;Gislason-Stanton;Celine Tumasian;Brynn Dempster;PC;69-4462108;7939.3499999999985;0.1307000118363982;2020-03;2020;0.13070001183639823;OK
Sweden;39313.39;34273.41;2020-10-10;Beauty;Corwin and Sons;Maxie Marrow;Anita Woakes;Mobile;68-3731565;5039.979999999996;0.1282000865354017;2020-10;2020;0.1282000865354017;OK
France;119820.82;98289.02;2019-06-16;Appliances;Considine-Fisher;Othello Bowes;Amelina Piscopiello;PC;82-2972108;21531.800000000003;0.1796999886997936;2019-06;2019;0.1796999886997936;OK
UK;129485.51;112794.83;2019-01-05;Appliances;McGlynn-Prosacco;Jessamine Apark;Jay Morefield;PC;15-2503493;16690.679999999993;0.1288999827084898;2019-01;2019;0.12889998270848987;OK
Italy;163203.64;140893.7;2019-06-21;Smartphones;Swaniawski, Runolfsson and Green;Piggy Roscrigg;Joshua Prevost;PC;37-0857161;22309.94;0.1367000147790821;2019-06;2019;0.1367000147790821;OK
France;62788.04;53049.61;2020-02-13;Appliances;Altenwerth-Konopelski;Othello Bowes;Avrit Chanders;PC;71-2709641;9738.43;0.1551000795692937;2020-02;2020;0.15510007956929378;OK
Portugal;148037.71;117867.62;2020-04-14;Electronics;Romaguera-Dietrich;Celine Tumasian;Corene Shirer;PC;10-5899580;30170.09;0.2038000317621773;2020-04;2020;0.20380003176217737;OK
Ireland;55539.67;45620.29;2020-03-21;Electronics;Altenwerth-Konopelski;Glenine Suttaby;Palm Wetherald;PC;10-9241948;9919.379999999996;0.1785999088579388;2020-03;2020;0.17859990885793878;OK
France;150135.0;131067.85;2020-09-09;Smartphones;Larkin-Collier;Othello Bowes;Avrit Chanders;PC;68-0080728;19067.149999999998;0.1270000333033602;2020-09;2020;0.1270000333033603;OK
Ireland;85294.3;72662.21;2020-03-25;Beauty;Zieme, Bailey and Herzog;Glenine Suttaby;Bunnie Tonbridge;PC;47-0640313;12632.089999999997;0.1481000488895506;2020-03;2020;0.1481000488895506;OK
Luxembourg;136079.62;119178.53;2019-08-29;Games;West-Cummings;Ilsa Kob;Jocelyn Laurentino;PC;37-6597365;16901.089999999997;0.1242000087889722;2019-08;2019;0.1242000087889722;OK
Finland;186397.6;161233.92;2020-12-04;Appliances;Friesen and Sons;Hube Corey;Mellicent Mattys;Mobile;13-0833129;25163.679999999997;0.1350000214595037;2020-12;2020;0.13500002145950374;OK
Germany;32695.37;26375.35;2020-11-28;Accessories;Johns and Sons;Rickard Doogood;Casie MacBain;Mobile;15-2994585;6320.02;0.1933001522845589;2020-11;2020;0.19330015228455896;OK
France;86077.83;72288.16;2019-11-03;Appliances;Johns and Sons;Othello Bowes;Amelina Piscopiello;PC;85-7784608;13789.669999999998;0.1602000189828205;2019-11;2019;0.16020001898282052;OK
Sweden;72885.55;59773.44;2020-12-29;Clothing;Johns and Sons;Maxie Marrow;Anita Woakes;PC;22-3969127;13112.11;0.1798999938945374;2020-12;2020;0.1798999938945374;OK
Portugal;100469.75;82566.04;2019-05-17;Electronics;Johns and Sons;Celine Tumasian;Aurelie Wren;PC;80-2242820;17903.710000000006;0.1782000054742846;2019-05;2019;0.1782000054742846;OK
Sweden;40831.52;34192.31;2019-04-26;Appliances;Labadie and Sons;Maxie Marrow;Madelon Bront;PC;35-1705563;6639.209999999999;0.1626001187318032;2019-04;2019;0.16260011873180327;OK
Italy;142353.07;116046.22;2019-07-24;Books;Dibbert Inc;Piggy Roscrigg;Joshua Prevost;PC;93-9941140;26306.85000000001;0.1848000187140326;2019-07;2019;0.1848000187140327;OK
Sweden;250315.06;218825.43;2019-07-08;Beauty;McGlynn-Prosacco;Maxie Marrow;Alyosha Meah;PC;36-2366573;31489.630000000005;0.1257999818308974;2019-07;2019;0.12579998183089744;OK
UK;100094.97;84690.35;2020-11-08;Games;Swaniawski, Runolfsson and Green;Jessamine Apark;Genevra Charrisson;PC;10-9932801;15404.619999999995;0.1539000411309379;2020-11;2020;0.1539000411309379;OK
UK;77128.75;65536.3;2020-08-09;Books;Dickinson, Hyatt and Berge;Jessamine Apark;Jay Morefield;Mobile;70-8991739;11592.449999999995;0.1502999854139992;2020-08;2020;0.15029998541399925;OK
France;176114.73;149257.23;2020-11-24;Electronics;Johns and Sons;Othello Bowes;Maighdiln Upcraft;PC;97-4830372;26857.5;0.1525000208670791;2020-11;2020;0.1525000208670791;OK
France;146325.53;118333.46;2020-08-09;Games;Stehr-Bogan;Othello Bowes;Crysta Halls;PC;95-8015610;27992.069999999992;0.1912999734222728;2020-08;2020;0.19129997342227287;OK
Germany;161823.46;130494.44;2020-07-20;Clothing;Friesen-Rath;Rickard Doogood;Casie MacBain;PC;84-1062113;31329.01999999999;0.1935999885307111;2020-07;2020;0.19359998853071114;OK
Sweden;132632.97;112035.07;2019-04-23;Electronics;Keeling, Monahan and Pollich;Maxie Marrow;Anita Woakes;PC;05-5082715;20597.899999999998;0.1552999981829555;2019-04;2019;0.15529999818295553;OK
Portugal;107232.99;85207.33;2020-03-08;Appliances;Hessel-Stiedemann;Celine Tumasian;Smitty Culverhouse;PC;35-6942653;22025.660000000003;0.2054000359404321;2020-03;2020;0.20540003594043216;OK
Sweden;120763.23;96719.27;2020-04-14;Clothing;Murray, Reichel and Nolan;Maxie Marrow;Anita Woakes;PC;79-6623911;24043.959999999992;0.1991000075105642;2020-04;2020;0.1991000075105642;OK
Bulgaria;278731.9;221591.86;2019-12-05;Appliances;West-Cummings;Charil Alpe;Bernadine Fullagar;PC;48-7662634;57140.04000000004;0.2050000017938385;2019-12;2019;0.20500000179383857;OK
Bulgaria;138153.7;112926.83;2019-02-14;Games;McGlynn-Bergstrom;Charil Alpe;Bernadine Fullagar;PC;46-5888587;25226.87000000001;0.1826000317038197;2019-02;2019;0.18260003170381978;OK
Ireland;68802.13;54635.77;2020-09-15;Beauty;Kirlin and Sons;Glenine Suttaby;Bunnie Tonbridge;PC;17-3178991;14166.360000000008;0.2059000208278436;2020-09;2020;0.20590002082784364;OK
Finland;35619.28;28192.66;2019-01-08;Electronics;Murray, Reichel and Nolan;Hube Corey;Wat Bowkley;PC;18-8528486;7426.619999999999;0.2085000033689619;2019-01;2019;0.20850000336896196;OK
UK;65014.84;53669.75;2020-03-27;Outdoors;Dickinson, Hyatt and Berge;Jessamine Apark;Genevra Charrisson;Mobile;55-4588115;11345.089999999997;0.1745000064600635;2020-03;2020;0.17450000646006353;OK
Germany;48922.42;39387.44;2020-10-19;Outdoors;Murray, Reichel and Nolan;Rickard Doogood;Casie MacBain;Tablet;19-9073616;9534.979999999996;0.1949000069906598;2020-10;2020;0.19490000699065982;OK
France;165262.34;142621.4;2020-05-19;Electronics;Altenwerth-Konopelski;Othello Bowes;Amelina Piscopiello;Mobile;96-0020600;22640.94;0.1369999964904285;2020-05;2020;0.1369999964904285;OK
Portugal;164117.24;133509.37;2020-05-28;Electronics;Zieme, Bailey and Herzog;Celine Tumasian;Corene Shirer;PC;88-7664123;30607.869999999995;0.186500028881792;2020-05;2020;0.18650002888179204;OK
Portugal;238085.99;193587.72;2020-07-16;Clothing;Rowe, Hermiston and Kessler;Celine Tumasian;Hortense Gerring;PC;17-8884817;44498.26999999999;0.1868999935695502;2020-07;2020;0.1868999935695502;OK
Sweden;117733.51;97294.97;2019-07-13;Electronics;Connelly-Mohr;Maxie Marrow;Tarrah Castelletti;PC;45-5509135;20438.539999999997;0.1736000226273725;2019-07;2019;0.1736000226273726;OK
France;26713.46;22043.95;2020-10-12;Beauty;Wisoky Inc;Othello Bowes;Ora Grennan;PC;81-4176165;4669.509999999998;0.1747998948844514;2020-10;2020;0.17479989488445147;OK
France;49664.17;39244.63;2019-10-30;Books;Swaniawski, Runolfsson and Green;Othello Bowes;Amelina Piscopiello;PC;24-9702599;10419.54;0.2097999422924011;2019-10;2019;0.20979994229240118;OK
Sweden;162101.93;133912.4;2019-12-19;Smartphones;Rowe, Hermiston and Kessler;Maxie Marrow;Tarrah Castelletti;PC;24-4272786;28189.53;0.1739000269768534;2019-12;2019;0.1739000269768534;OK
France;118027.37;96050.67;2019-04-06;Beauty;Johns and Sons;Othello Bowes;Ora Grennan;PC;77-3656041;21976.7;0.1862000313994965;2019-04;2019;0.1862000313994966;OK
Sweden;147994.63;129643.3;2019-01-27;Games;Stamm Inc;Maxie Marrow;Alyosha Meah;PC;47-7207206;18351.33;0.123999972161152;2019-01;2019;0.12399997216115208;OK
Finland;48946.74;38765.82;2019-04-19;Accessories;Swaniawski, Runolfsson and Green;Hube Corey;Mellicent Mattys;PC;65-2022928;10180.919999999998;0.2079999607736899;2019-04;2019;0.2079999607736899;OK
Sweden;73860.57;60336.7;2020-11-13;Clothing;McGlynn-Prosacco;Maxie Marrow;Madelon Bront;PC;16-5837761;13523.87000000001;0.1830999950311784;2020-11;2020;0.18309999503117846;OK
Portugal;86083.27;72309.95;2019-11-30;Electronics;Connelly-Mohr;Celine Tumasian;Hortense Gerring;PC;80-7090422;13773.320000000009;0.159999962826691;2019-11;2019;0.15999996282669104;OK
Finland;72385.53;60181.33;2019-09-10;Clothing;Johns and Sons;Hube Corey;Wat Bowkley;PC;66-8222460;12204.199999999995;0.1685999950542601;2019-09;2019;0.1685999950542601;OK
Portugal;120332.26;102282.42;2020-01-14;Clothing;Parisian, Steuber and Satterfield;Celine Tumasian;Hortense Gerring;Tablet;44-0527427;18049.84;0.1500000083103234;2020-01;2020;0.15000000831032345;OK
Sweden;81262.34;65326.8;2019-09-06;Books;Johns and Sons;Maxie Marrow;Anita Woakes;Mobile;75-9517276;15935.539999999994;0.1960999400214169;2019-09;2019;0.19609994002141698;OK
Austria;139075.59;113708.2;2020-12-16;Games;Murray, Reichel and Nolan;Orsa Geekin;Bank Coumbe;PC;24-2403756;25367.39;0.1824000171417572;2020-12;2020;0.18240001714175721;OK
France;50516.2;43918.78;2019-03-22;Electronics;Wiza and Sons;Othello Bowes;Maighdiln Upcraft;PC;50-1986322;6597.419999999998;0.130600084725296;2019-03;2019;0.13060008472529602;OK
Sweden;112228.82;97470.73;2019-09-15;Outdoors;Gislason-Stanton;Maxie Marrow;Madelon Bront;PC;75-9585763;14758.090000000013;0.1315000015147625;2019-09;2019;0.13150000151476254;OK
France;79833.6;63411.83;2019-06-15;Appliances;McGlynn-Bergstrom;Othello Bowes;Avrit Chanders;PC;86-6760202;16421.770000000004;0.2056999809603976;2019-06;2019;0.20569998096039765;OK
Finland;135629.36;118526.5;2020-08-12;Games;Tillman and Sons;Hube Corey;Mellicent Mattys;PC;66-7717800;17102.859999999986;0.1260999830715118;2020-08;2020;0.12609998307151185;OK
Luxembourg;175332.04;144999.6;2020-09-24;Accessories;Hegmann Group;Ilsa Kob;Jocelyn Laurentino;PC;89-8942175;30332.44;0.1729999833458847;2020-09;2020;0.17299998334588473;OK
Portugal;101923.36;86115.05;2019-01-19;Beauty;Shanahan, Schaden and Parker;Celine Tumasian;Brynn Dempster;Mobile;38-0584273;15808.309999999998;0.1550999692317835;2019-01;2019;0.15509996923178354;OK
Germany;190100.96;160749.37;2019-12-20;Electronics;Walter LLC;Rickard Doogood;Casie MacBain;PC;38-8840357;29351.59;0.1544000093424041;2019-12;2019;0.15440000934240417;OK
Netherlands;152771.9;134423.99;2020-05-02;Clothing;McClure Inc;Denice Amberg;Nero Harbisher;PC;82-4495901;18347.910000000003;0.1201000314848477;2020-05;2020;0.1201000314848477;OK
France;52805.94;43791.97;2020-06-22;Smartphones;Kihn Inc;Othello Bowes;Amelina Piscopiello;PC;81-2373308;9013.97;0.1706999250463111;2020-06;2020;0.17069992504631107;OK
Portugal;51416.24;43338.75;2020-04-15;Smartphones;Spencer, Rogahn and Muller;Celine Tumasian;Aurelie Wren;PC;15-0224516;8077.489999999998;0.1570999746383632;2020-04;2020;0.15709997463836325;OK
Luxembourg;76426.54;66116.6;2019-03-16;Clothing;O'Connell-Mitchell;Ilsa Kob;Jocelyn Laurentino;PC;95-6935153;10309.939999999988;0.1348999967812227;2019-03;2019;0.13489999678122272;OK
France;118021.59;98229.37;2019-04-21;Beauty;Lubowitz, McLaughlin and Erdman;Othello Bowes;Maighdiln Upcraft;PC;60-8661261;19792.22;0.1676999945518443;2019-04;2019;0.1676999945518443;OK
Portugal;59378.97;52176.3;2020-04-25;Appliances;Schoen-Keeling;Celine Tumasian;Corene Shirer;PC;56-2783503;7202.669999999998;0.1213000158136794;2020-04;2020;0.12130001581367945;OK
Spain;61325.25;49379.09;2020-07-29;Beauty;Hessel-Stiedemann;Emalia Dinse;Manuel Goudie;Tablet;95-1516475;11946.160000000003;0.194800021198446;2020-07;2020;0.19480002119844606;OK
France;80431.34;69774.19;2019-07-22;Beauty;Hessel-Stiedemann;Othello Bowes;Crysta Halls;PC;32-5562588;10657.149999999994;0.1324999682959403;2019-07;2019;0.1324999682959403;OK
Portugal;177919.14;147370.42;2020-06-07;Beauty;Walter LLC;Celine Tumasian;Aurelie Wren;PC;70-7769332;30548.72;0.1717000205823836;2020-06;2020;0.17170002058238365;OK
Ireland;37520.09;32781.3;2020-05-27;Clothing;Kihn Inc;Glenine Suttaby;Bunnie Tonbridge;Mobile;07-6200800;4738.789999999994;0.1263000701757377;2020-05;2020;0.1263000701757377;OK
Spain;68745.86;58014.63;2019-04-09;Electronics;Labadie and Sons;Emalia Dinse;Manuel Goudie;PC;11-2988171;10731.230000000003;0.1561000182410984;2019-04;2019;0.15610001824109848;OK
Denmark;69017.42;55897.21;2020-04-02;Electronics;Hegmann Group;Modestia Byfford;Case Desorts;PC;38-3894304;13120.21;0.1900999776578145;2020-04;2020;0.1900999776578145;OK
France;48850.38;39788.63;2019-03-31;Appliances;Spencer, Rogahn and Muller;Othello Bowes;Crysta Halls;PC;33-6126082;9061.75;0.1855000923227209;2019-03;2019;0.18550009232272094;OK
Netherlands;253291.55;219502.46;2020-06-12;Books;Altenwerth-Konopelski;Denice Amberg;Nero Harbisher;PC;25-4970452;33789.09;0.1333999890639857;2020-06;2020;0.13339998906398573;OK
Portugal;47186.74;38112.73;2019-07-28;Electronics;Hartmann, Hane and Pfannerstill;Celine Tumasian;Aurelie Wren;PC;34-8903845;9074.009999999997;0.1922999978383756;2019-07;2019;0.19229999783837573;OK
Portugal;59670.68;51269.05;2019-09-10;Appliances;Shanahan, Schaden and Parker;Celine Tumasian;Aurelie Wren;PC;32-2110689;8401.629999999997;0.1407999707729155;2019-09;2019;0.14079997077291556;OK
Portugal;228961.3;183764.34;2020-06-01;Appliances;Johns and Sons;Celine Tumasian;Hortense Gerring;PC;37-8204282;45196.95999999999;0.1973999972921187;2020-06;2020;0.19739999729211877;OK
France;165259.58;130703.8;2020-06-26;Outdoors;Armstrong-Little;Othello Bowes;Crysta Halls;PC;46-1318487;34555.779999999984;0.2091000110250793;2020-06;2020;0.20910001102507939;OK
France;219911.81;179426.05;2019-07-05;Clothing;Smith Group;Othello Bowes;Crysta Halls;PC;99-3971751;40485.76000000001;0.1840999808059422;2019-07;2019;0.1840999808059422;OK
Finland;55882.12;48561.56;2020-05-20;Clothing;Murray, Reichel and Nolan;Hube Corey;Mellicent Mattys;PC;24-7985425;7320.560000000005;0.1310000408001701;2020-05;2020;0.13100004080017016;OK
France;16388.9;13430.7;2020-03-15;Electronics;West-Cummings;Othello Bowes;Crysta Halls;PC;30-9690927;2958.2000000000007;0.1805002166100226;2020-03;2020;0.18050021661002266;OK
Spain;85927.37;74490.44;2019-04-15;Clothing;Hartmann, Hane and Pfannerstill;Emalia Dinse;Perri Aldersley;PC;37-5025811;11436.929999999991;0.1330999657035935;2019-04;2019;0.13309996570359353;OK
France;161212.39;138046.17;2020-07-04;Accessories;Hilll-Vandervort;Othello Bowes;Crysta Halls;PC;21-6670877;23166.22;0.1436999972520722;2020-07;2020;0.14369999725207225;OK
France;66678.38;53009.31;2019-03-04;Smartphones;Walter LLC;Othello Bowes;Amelina Piscopiello;PC;34-3119010;13669.070000000009;0.2050000314944665;2019-03;2019;0.20500003149446655;OK
Sweden;148243.05;120566.07;2020-12-07;Beauty;Johns and Sons;Maxie Marrow;Madelon Bront;PC;54-7503816;27676.97999999998;0.186700017302666;2020-12;2020;0.18670001730266603;OK
Ireland;126523.36;106368.19;2020-05-14;Games;Gleichner-Green;Glenine Suttaby;Bunnie Tonbridge;PC;96-1698894;20155.17;0.1592999901362088;2020-05;2020;0.15929999013620882;OK
Ireland;63373.72;55572.41;2020-03-03;Clothing;Dickinson, Hyatt and Berge;Glenine Suttaby;Bunnie Tonbridge;PC;92-0523700;7801.309999999998;0.1231000799700569;2020-03;2020;0.12310007997005695;OK
Ireland;76767.77;64500.28;2020-01-22;Games;Spencer, Rogahn and Muller;Glenine Suttaby;Bunnie Tonbridge;PC;15-3657248;12267.490000000003;0.1598000046113102;2020-01;2020;0.15980000461131022;OK
Portugal;78938.82;65471.86;2019-04-24;Games;Fisher, Morar and Skiles;Celine Tumasian;Brynn Dempster;PC;16-3423161;13466.960000000006;0.1705999658976408;2019-04;2019;0.1705999658976408;OK
France;131864.04;110277.9;2019-04-09;Appliances;Murray, Reichel and Nolan;Othello Bowes;Ora Grennan;PC;67-2684209;21586.14000000001;0.1636999746102122;2019-04;2019;0.1636999746102122;OK
Portugal;116774.43;98954.65;2019-04-21;Accessories;Labadie and Sons;Celine Tumasian;Hortense Gerring;Mobile;21-7344983;17819.78;0.1526000169728938;2019-04;2019;0.1526000169728938;OK
France;141112.84;120044.69;2020-08-08;Electronics;Gislason-Stanton;Othello Bowes;Avrit Chanders;Mobile;47-9701762;21068.149999999998;0.1493000211745437;2020-08;2020;0.14930002117454372;OK
Bulgaria;33210.56;29109.06;2020-11-20;Books;Hessel-Stiedemann;Charil Alpe;Bernadine Fullagar;PC;86-3876359;4101.499999999996;0.1234998747386372;2020-11;2020;0.12349987473863724;OK
France;174392.33;141449.62;2020-08-03;Smartphones;Labadie and Sons;Othello Bowes;Ora Grennan;PC;34-4313860;32942.70999999999;0.1888999934802178;2020-08;2020;0.18889999348021783;OK
Sweden;204484.61;177308.61;2019-06-16;Games;Hermiston, Simonis and Wisoky;Maxie Marrow;Caro Morfield;Tablet;71-4782689;27176.0;0.1328999771669858;2019-06;2019;0.13289997716698582;OK
Germany;80986.1;64124.79;2019-12-02;Appliances;Dickinson, Hyatt and Berge;Rickard Doogood;Casie MacBain;Mobile;85-3690127;16861.310000000005;0.2082000491442359;2019-12;2019;0.2082000491442359;OK
Sweden;179179.73;154936.71;2019-10-22;Books;Zieme, Bailey and Herzog;Maxie Marrow;Anita Woakes;PC;66-5810051;24243.02000000002;0.1353000141254818;2019-10;2019;0.13530001412548182;OK
Netherlands;99731.4;84731.8;2020-01-12;Electronics;Smith Group;Denice Amberg;Nero Harbisher;PC;81-9170157;14999.599999999991;0.1503999743310531;2020-01;2020;0.15039997433105312;OK
France;32661.62;27922.42;2020-02-08;Electronics;Zieme, Bailey and Herzog;Othello Bowes;Amelina Piscopiello;PC;24-7300640;4739.200000000001;0.1450999674847726;2020-02;2020;0.14509996748477266;OK
Sweden;30166.93;24658.45;2019-11-29;Appliances;Corwin and Sons;Maxie Marrow;Tarrah Castelletti;PC;97-1288901;5508.48;0.1825999529948854;2019-11;2019;0.18259995299488543;OK
Germany;36747.24;31900.28;2019-01-19;Accessories;Johns and Sons;Rickard Doogood;Casie MacBain;PC;81-9757849;4846.959999999999;0.1318999739844407;2019-01;2019;0.13189997398444073;OK
France;66884.7;58544.18;2020-01-19;Smartphones;Wisoky Inc;Othello Bowes;Crysta Halls;PC;44-9179070;8340.519999999997;0.1246999687521959;2020-01;2020;0.1246999687521959;OK
Portugal;165305.7;134757.21;2019-07-13;Games;Christiansen, Donnelly and Bechtelar;Celine Tumasian;Aurelie Wren;PC;55-2137809;30548.49000000002;0.1847999796740222;2019-07;2019;0.18479997967402223;OK
Sweden;50618.21;41835.95;2019-03-05;Beauty;Hegmann Group;Maxie Marrow;Tarrah Castelletti;PC;56-1063618;8782.260000000002;0.1735000111619909;2019-03;2019;0.17350001116199096;OK
Sweden;82116.31;70652.87;2020-05-30;Beauty;Zieme, Bailey and Herzog;Maxie Marrow;Caro Morfield;Tablet;01-8080546;11463.440000000002;0.1396000380435994;2020-05;2020;0.1396000380435994;OK
Sweden;106142.65;88151.47;2019-06-04;Games;Baumbach Group;Maxie Marrow;Anita Woakes;PC;29-5632797;17991.179999999993;0.1695000077725588;2019-06;2019;0.16950000777255886;OK
Portugal;149514.0;122646.33;2020-10-18;Games;Bashirian, Okuneva and Bechtelar;Celine Tumasian;Smitty Culverhouse;Mobile;20-1191256;26867.67;0.1797000280910148;2020-10;2020;0.17970002809101487;OK
Sweden;30975.79;27072.84;2020-03-15;Clothing;McGlynn-Bergstrom;Maxie Marrow;Tarrah Castelletti;PC;33-4022317;3902.9500000000007;0.1260000148503073;2020-03;2020;0.12600001485030732;OK
France;165118.74;137527.4;2019-11-02;Clothing;Smith Group;Othello Bowes;Amelina Piscopiello;PC;59-5892824;27591.34;0.1670999911942157;2019-11;2019;0.16709999119421576;OK
Germany;76652.73;64311.64;2020-08-04;Accessories;Farrell, Swaniawski and Crist;Rickard Doogood;Casie MacBain;PC;52-3394023;12341.089999999997;0.1610000061315493;2020-08;2020;0.16100000613154936;OK
UK;151632.33;120744.82;2020-07-14;Clothing;Armstrong-Little;Jessamine Apark;Winny Agnolo;PC;89-5350599;30887.50999999998;0.2037000288790654;2020-07;2020;0.20370002887906546;OK
France;35289.75;29424.59;2019-02-26;Smartphones;Armstrong-Little;Othello Bowes;Maighdiln Upcraft;PC;92-6298656;5865.16;0.166200100595782;2019-02;2019;0.16620010059578205;OK
France;77043.84;63245.29;2020-02-08;Outdoors;Armstrong-Little;Othello Bowes;Avrit Chanders;PC;91-7317758;13798.549999999996;0.1790999773635374;2020-02;2020;0.1790999773635374;OK
Portugal;59691.71;49239.69;2019-06-17;Other;Walter LLC;Celine Tumasian;Hortense Gerring;PC;60-6055725;10452.019999999997;0.1751000264525844;2019-06;2019;0.1751000264525844;OK
Portugal;181882.43;149834.75;2019-07-28;Books;McClure Inc;Celine Tumasian;Corene Shirer;PC;33-2816759;32047.679999999997;0.1761999770950937;2019-07;2019;0.17619997709509377;OK
Portugal;50796.04;44090.96;2019-09-21;Books;Farrell, Swaniawski and Crist;Celine Tumasian;Hortense Gerring;PC;05-2359767;6705.080000000002;0.1320000535474813;2019-09;2019;0.1320000535474813;OK
Netherlands;73981.77;61959.73;2019-11-18;Clothing;Hamill, Kulas and Roob;Denice Amberg;Nero Harbisher;PC;73-9492768;12022.04;0.1625000321025031;2019-11;2019;0.1625000321025031;OK
UK;105686.13;86694.33;2019-10-13;Outdoors;Johns and Sons;Jessamine Apark;Genevra Charrisson;PC;31-6770318;18991.800000000003;0.1797000230777681;2019-10;2019;0.1797000230777681;OK
Sweden;149376.26;123653.67;2020-01-31;Other;Fisher, Morar and Skiles;Maxie Marrow;Alyosha Meah;PC;52-0695511;25722.59000000001;0.1721999867984378;2020-01;2020;0.1721999867984378;OK
Netherlands;85237.91;72384.03;2020-03-18;Smartphones;Armstrong-Little;Denice Amberg;Nero Harbisher;PC;45-8314773;12853.880000000005;0.1508000372134887;2020-03;2020;0.15080003721348875;OK
Luxembourg;104743.22;83281.33;2019-03-24;Electronics;Johns and Sons;Ilsa Kob;Jocelyn Laurentino;Mobile;53-0205940;21461.89;0.2049000403080982;2019-03;2019;0.20490004030809822;OK
Portugal;290551.74;239530.86;2020-12-14;Other;Hessel-Stiedemann;Celine Tumasian;Brynn Dempster;PC;53-1660551;51020.880000000005;0.1755999809190611;2020-12;2020;0.17559998091906112;OK
France;72314.73;57309.42;2019-08-27;Appliances;Johns and Sons;Othello Bowes;Ora Grennan;PC;70-5394452;15005.309999999998;0.2075000487452556;2019-08;2019;0.20750004874525563;OK
Netherlands;119858.15;99997.65;2020-11-19;Electronics;McGlynn-Prosacco;Denice Amberg;Nero Harbisher;PC;10-0386535;19860.5;0.1657000379198244;2020-11;2020;0.1657000379198244;OK
Portugal;119937.47;98720.53;2019-08-13;Games;Hartmann, Hane and Pfannerstill;Celine Tumasian;Aurelie Wren;PC;56-8476539;21216.94;0.1769000129817646;2019-08;2019;0.17690001298176458;OK
France;60592.4;52363.95;2019-02-22;Accessories;Rowe, Hermiston and Kessler;Othello Bowes;Crysta Halls;PC;04-7976277;8228.450000000004;0.1358000343277375;2019-02;2019;0.13580003432773755;OK
Ireland;31966.82;26593.2;2020-08-24;Appliances;Johns and Sons;Glenine Suttaby;Palm Wetherald;PC;21-2965409;5373.619999999999;0.1680999236082913;2020-08;2020;0.16809992360829132;OK
Portugal;83226.45;71699.59;2020-11-22;Beauty;Swaniawski, Runolfsson and Green;Celine Tumasian;Corene Shirer;PC;04-2788693;11526.86;0.1384999600487585;2020-11;2020;0.13849996004875856;OK
Germany;51407.3;44292.53;2019-05-02;Clothing;Altenwerth-Konopelski;Rickard Doogood;Casie MacBain;Tablet;20-6477396;7114.770000000004;0.1383999937752032;2019-05;2019;0.1383999937752032;OK
Germany;61968.26;50690.04;2020-12-27;Electronics;Romaguera-Dietrich;Rickard Doogood;Casie MacBain;PC;22-7259031;11278.22;0.1819999464241855;2020-12;2020;0.18199994642418552;OK
Ireland;271465.15;217959.37;2019-07-03;Electronics;Corwin and Sons;Glenine Suttaby;Bunnie Tonbridge;Mobile;44-9239029;53505.78000000003;0.1970999960768445;2019-07;2019;0.19709999607684459;OK
Sweden;86854.64;72219.63;2020-02-04;Books;Tillman and Sons;Maxie Marrow;Tarrah Castelletti;PC;77-4566105;14635.009999999997;0.1685000363826272;2020-02;2020;0.1685000363826273;OK
Ireland;119819.37;105441.05;2020-12-07;Smartphones;Dibbert Inc;Glenine Suttaby;Palm Wetherald;PC;29-3662564;14378.319999999992;0.1199999632780575;2020-12;2020;0.11999996327805756;OK
UK;160763.9;131102.96;2019-04-18;Appliances;McGlynn-Prosacco;Jessamine Apark;Genevra Charrisson;PC;73-8057834;29660.94;0.1845000027991359;2019-04;2019;0.18450000279913586;OK
Sweden;44029.07;38344.92;2019-09-09;Other;McGlynn-Bergstrom;Maxie Marrow;Alyosha Meah;PC;87-9980890;5684.1500000000015;0.1290999332940714;2019-09;2019;0.12909993329407143;OK
France;86628.32;72464.59;2019-11-06;Appliances;Kihn Inc;Othello Bowes;Crysta Halls;PC;98-8250897;14163.73000000001;0.163499996306058;2019-11;2019;0.163499996306058;OK
Portugal;97641.25;83414.92;2020-10-17;Books;Morissette Group;Celine Tumasian;Brynn Dempster;PC;98-3051699;14226.330000000002;0.1456999987198033;2020-10;2020;0.14569999871980338;OK
Portugal;98746.66;80399.53;2020-02-10;Appliances;Considine-Fisher;Celine Tumasian;Smitty Culverhouse;PC;75-7291972;18347.130000000005;0.185800005792601;2020-02;2020;0.18580000579260103;OK
France;109562.5;89917.94;2020-08-05;Appliances;Dickinson, Hyatt and Berge;Othello Bowes;Maighdiln Upcraft;PC;67-3672347;19644.56;0.1793000342270393;2020-08;2020;0.17930003422703938;OK
UK;60301.96;48820.47;2019-02-08;Beauty;Wiza and Sons;Jessamine Apark;Jay Morefield;PC;75-1785229;11481.489999999998;0.1903999471990628;2019-02;2019;0.1903999471990628;OK
France;80781.62;68971.35;2019-01-19;Smartphones;McGlynn-Prosacco;Othello Bowes;Ora Grennan;Mobile;53-1426071;11810.26999999999;0.1461999647939715;2019-01;2019;0.14619996479397157;OK
France;238659.41;204507.25;2019-12-23;Appliances;Corwin and Sons;Othello Bowes;Amelina Piscopiello;Tablet;49-7167664;34152.16;0.1430999934173976;2019-12;2019;0.14309999341739763;OK
UK;165631.75;139114.11;2019-09-03;Appliances;Johns and Sons;Jessamine Apark;Jay Morefield;PC;07-7047482;26517.64000000001;0.16009998083097;2019-09;2019;0.16009998083096996;OK
Sweden;126682.79;106514.89;2019-06-11;Smartphones;Murray, Reichel and Nolan;Maxie Marrow;Madelon Bront;PC;57-1931933;20167.899999999998;0.1591999986738529;2019-06;2019;0.159199998673853;OK
Sweden;145558.0;116257.18;2019-12-20;Clothing;Konopelski LLC;Maxie Marrow;Tarrah Castelletti;Tablet;15-5167065;29300.820000000007;0.2012999629013864;2019-12;2019;0.20129996290138644;OK
Spain;59163.79;50419.38;2019-03-11;Smartphones;McClure Inc;Emalia Dinse;Perri Aldersley;Mobile;98-9382686;8744.410000000003;0.1478000310662992;2019-03;2019;0.14780003106629921;OK
Sweden;140352.81;122303.44;2019-12-01;Smartphones;Hilll-Vandervort;Maxie Marrow;Caro Morfield;PC;47-5733147;18049.369999999995;0.128599990267384;2019-12;2019;0.128599990267384;OK
France;163401.23;139413.93;2019-04-22;Clothing;Wisoky Inc;Othello Bowes;Avrit Chanders;PC;98-2104934;23987.300000000017;0.1467999965483737;2019-04;2019;0.1467999965483737;OK
Sweden;177867.3;140675.25;2020-10-03;Smartphones;Walter LLC;Maxie Marrow;Anita Woakes;PC;30-6005742;37192.04999999999;0.2090999863381295;2020-10;2020;0.20909998633812957;OK
Germany;58416.81;46745.13;2019-02-07;Clothing;Morissette Group;Rickard Doogood;Casie MacBain;PC;21-7461655;11671.68;0.1998000233152067;2019-02;2019;0.19980002331520672;OK
Germany;169544.95;137568.77;2020-04-12;Appliances;Keeling, Monahan and Pollich;Rickard Doogood;Casie MacBain;Mobile;96-7625873;31976.180000000026;0.1886000143324824;2020-04;2020;0.18860001433248247;OK
Luxembourg;74732.79;64098.31;2020-02-24;Beauty;McClure Inc;Ilsa Kob;Jocelyn Laurentino;PC;53-2132479;10634.479999999996;0.1423000532965515;2020-02;2020;0.14230005329655157;OK
Portugal;55166.78;47443.43;2020-04-13;Books;Gislason-Stanton;Celine Tumasian;Hortense Gerring;PC;70-4650708;7723.3499999999985;0.1400000145014807;2020-04;2020;0.14000001450148075;OK
France;99319.33;79127.71;2020-05-26;Games;Hessel-Stiedemann;Othello Bowes;Amelina Piscopiello;PC;53-3037652;20191.619999999995;0.2033000021244605;2020-05;2020;0.2033000021244605;OK
Sweden;118982.14;95506.96;2020-01-15;Clothing;Stehr-Bogan;Maxie Marrow;Caro Morfield;Mobile;76-0774122;23475.179999999997;0.1973000317526646;2020-01;2020;0.1973000317526647;OK
Ireland;157007.52;126940.58;2019-08-31;Beauty;Friesen-Rath;Glenine Suttaby;Bunnie Tonbridge;PC;72-3928347;30066.939999999988;0.1914999994904702;2019-08;2019;0.1914999994904702;OK
France;49374.25;39208.09;2019-05-21;Books;Stehr LLC;Othello Bowes;Ora Grennan;PC;87-1399932;10166.160000000003;0.205900038987934;2019-05;2019;0.20590003898793408;OK
Portugal;123891.6;104118.5;2019-07-23;Games;Hegmann Group;Celine Tumasian;Smitty Culverhouse;PC;25-1045028;19773.10000000001;0.1596000051658062;2019-07;2019;0.1596000051658063;OK
France;234340.31;204438.49;2020-12-13;Clothing;Hessel-Stiedemann;Othello Bowes;Avrit Chanders;PC;70-0364033;29901.820000000007;0.1275999848254873;2020-12;2020;0.12759998482548737;OK
Netherlands;95575.75;75504.84;2020-12-23;Books;Hessel-Stiedemann;Denice Amberg;Nero Harbisher;PC;35-9372764;20070.910000000003;0.2100000261572627;2020-12;2020;0.21000002615726274;OK
Finland;125280.28;99372.32;2019-10-18;Beauty;Romaguera-Dietrich;Hube Corey;Wat Bowkley;PC;36-1142710;25907.959999999992;0.2067999848020773;2019-10;2019;0.2067999848020773;OK
Portugal;127482.28;108614.9;2020-08-26;Beauty;Hilll-Vandervort;Celine Tumasian;Aurelie Wren;PC;75-6291395;18867.380000000005;0.1480000200812223;2020-08;2020;0.14800002008122232;OK
Portugal;120453.52;97218.04;2019-02-11;Beauty;Schowalter, Lesch and Beahan;Celine Tumasian;Brynn Dempster;PC;00-3338378;23235.48000000001;0.1928999667257545;2019-02;2019;0.19289996672575455;OK
Portugal;120152.33;97527.65;2019-09-29;Outdoors;Romaguera-Dietrich;Celine Tumasian;Smitty Culverhouse;PC;55-1904761;22624.680000000008;0.1882999688811694;2019-09;2019;0.18829996888116948;OK
Portugal;95410.97;80593.65;2020-09-22;Books;Murray, Reichel and Nolan;Celine Tumasian;Hortense Gerring;Mobile;70-9736399;14817.320000000009;0.1552999618387697;2020-09;2020;0.1552999618387698;OK
France;128804.51;105709.86;2019-09-13;Appliances;Connelly-Mohr;Othello Bowes;Amelina Piscopiello;Tablet;20-3125420;23094.649999999998;0.1793000105353453;2019-09;2019;0.1793000105353454;OK
Italy;26899.97;23198.53;2019-03-19;Games;Hessel-Stiedemann;Piggy Roscrigg;Joshua Prevost;PC;57-2968987;3701.4400000000014;0.1376001534574203;2019-03;2019;0.13760015345742027;OK
UK;123751.91;102590.33;2019-11-18;Smartphones;Johns and Sons;Jessamine Apark;Jay Morefield;PC;76-2146784;21161.58;0.1710000273935166;2019-11;2019;0.1710000273935166;OK
Sweden;37081.31;31304.04;2019-03-11;Beauty;McGlynn-Prosacco;Maxie Marrow;Anita Woakes;PC;19-3129154;5777.269999999997;0.1558000512926861;2019-03;2019;0.15580005129268618;OK
France;133905.55;116886.15;2020-08-01;Books;Keeling, Monahan and Pollich;Othello Bowes;Avrit Chanders;Mobile;79-0973971;17019.399999999994;0.1271000343152318;2020-08;2020;0.12710003431523187;OK
France;63298.61;53645.57;2020-04-10;Appliances;Schowalter, Lesch and Beahan;Othello Bowes;Avrit Chanders;Mobile;65-5376517;9653.04;0.152500031201317;2020-04;2020;0.15250003120131708;OK
France;274242.36;227950.25;2020-12-09;Outdoors;Hessel-Stiedemann;Othello Bowes;Amelina Piscopiello;Mobile;80-5258827;46292.10999999999;0.1687999986581212;2020-12;2020;0.1687999986581212;OK
Luxembourg;312928.72;270401.71;2019-12-12;Beauty;Altenwerth-Konopelski;Ilsa Kob;Jocelyn Laurentino;Tablet;98-5257166;42527.00999999995;0.1358999902597625;2019-12;2019;0.13589999025976252;OK
France;119156.18;100710.8;2019-08-20;Beauty;Johns and Sons;Othello Bowes;Ora Grennan;PC;19-5610175;18445.37999999999;0.1548000279968692;2019-08;2019;0.15480002799686923;OK
France;162123.74;133979.06;2020-04-14;Beauty;Johns and Sons;Othello Bowes;Maighdiln Upcraft;PC;94-3509391;28144.679999999997;0.173599992203486;2020-04;2020;0.17359999220348604;OK
Ireland;65831.42;52487.39;2019-01-12;Electronics;Christiansen, Donnelly and Bechtelar;Glenine Suttaby;Palm Wetherald;PC;43-5417299;13344.03;0.2027000177119071;2019-01;2019;0.20270001771190718;OK
France;180515.09;148852.74;2019-12-26;Books;Franecki-White;Othello Bowes;Amelina Piscopiello;PC;68-6141868;31662.35000000001;0.1754000178046057;2019-12;2019;0.17540001780460576;OK
UK;99114.91;84217.94;2020-04-04;Clothing;Johns and Sons;Jessamine Apark;Winny Agnolo;PC;29-8979189;14896.97;0.1502999901831117;2020-04;2020;0.1502999901831117;OK
Portugal;171884.0;146702.99;2019-10-13;Games;Johns and Sons;Celine Tumasian;Smitty Culverhouse;PC;58-9821508;25181.01000000001;0.1465000232715087;2019-10;2019;0.14650002327150874;OK
Denmark;26745.94;22600.32;2019-11-10;Appliances;Larkin-Collier;Modestia Byfford;Case Desorts;PC;49-1493117;4145.619999999999;0.1549999738278033;2019-11;2019;0.15499997382780337;OK
Portugal;77087.84;65894.69;2020-05-17;Other;Rowe, Hermiston and Kessler;Celine Tumasian;Aurelie Wren;PC;51-5334556;11193.149999999994;0.1451999433373667;2020-05;2020;0.14519994333736677;OK
France;87404.0;69363.81;2019-12-26;Electronics;Johns and Sons;Othello Bowes;Maighdiln Upcraft;PC;79-3154360;18040.19;0.2064000503409455;2019-12;2019;0.20640005034094547;OK
France;47680.2;40575.85;2019-07-08;Clothing;Dibbert Inc;Othello Bowes;Crysta Halls;PC;11-6024248;7104.349999999999;0.1490000041946132;2019-07;2019;0.1490000041946133;OK
Finland;27824.83;23517.55;2019-09-06;Games;McClure Inc;Hube Corey;Wat Bowkley;PC;61-4610981;4307.2800000000025;0.1547998676002693;2019-09;2019;0.15479986760026934;OK
Portugal;106516.4;86928.03;2019-03-21;Clothing;Hartmann, Hane and Pfannerstill;Celine Tumasian;Smitty Culverhouse;PC;12-4509008;19588.369999999995;0.1839000379284316;2019-03;2019;0.18390003792843165;OK
France;141948.11;112948.11;2020-04-25;Books;Stehr LLC;Othello Bowes;Maighdiln Upcraft;PC;46-5576111;28999.999999999985;0.2043000079395209;2020-04;2020;0.2043000079395209;OK
Ireland;226021.18;180455.31;2019-07-18;Accessories;Schowalter, Lesch and Beahan;Glenine Suttaby;Palm Wetherald;PC;44-6718687;45565.87;0.2016000004955287;2019-07;2019;0.20160000049552879;OK
Italy;44232.84;38880.67;2020-02-20;Books;Johns and Sons;Piggy Roscrigg;Joshua Prevost;Tablet;67-7432229;5352.169999999998;0.1209999177082004;2020-02;2020;0.12099991770820048;OK
Ireland;135344.52;117492.58;2019-01-17;Games;Tillman and Sons;Glenine Suttaby;Palm Wetherald;PC;17-4401585;17851.939999999988;0.1318999838338485;2019-01;2019;0.13189998383384854;OK
France;271411.92;231514.37;2019-12-09;Clothing;Hessel-Stiedemann;Othello Bowes;Amelina Piscopiello;Tablet;56-9241023;39897.54999999999;0.146999991746862;2019-12;2019;0.14699999174686207;OK
Portugal;125253.59;108269.2;2020-02-17;Smartphones;Murray, Reichel and Nolan;Celine Tumasian;Corene Shirer;PC;90-2194359;16984.39;0.1356000255162347;2020-02;2020;0.1356000255162347;OK
Sweden;15100.57;12113.68;2019-02-20;Games;Murray, Reichel and Nolan;Maxie Marrow;Tarrah Castelletti;PC;89-2424262;2986.8899999999994;0.1977998181525597;2019-02;2019;0.19779981815255976;OK
France;157932.84;134148.15;2020-01-31;Games;Schowalter, Lesch and Beahan;Othello Bowes;Amelina Piscopiello;PC;30-2982340;23784.69;0.1506000272014357;2020-01;2020;0.15060002720143575;OK
Portugal;64192.86;52837.14;2020-04-12;Appliances;Johns and Sons;Celine Tumasian;Brynn Dempster;PC;10-4704941;11355.72;0.1769000477623212;2020-04;2020;0.1769000477623212;OK
Sweden;156453.01;128494.86;2020-10-04;Clothing;Johns and Sons;Maxie Marrow;Madelon Bront;PC;48-3484986;27958.15000000001;0.1786999815471751;2020-10;2020;0.17869998154717515;OK
Finland;53616.06;45589.74;2020-01-03;Appliances;Kihn Inc;Hube Corey;Wat Bowkley;PC;84-4478396;8026.32;0.1496999220009825;2020-01;2020;0.14969992200098253;OK
Finland;163967.89;138208.53;2019-05-30;Appliances;Friesen-Rath;Hube Corey;Wat Bowkley;Tablet;28-0849652;25759.36000000001;0.1571000273285215;2019-05;2019;0.15710002732852152;OK
Sweden;171748.56;136574.45;2020-11-20;Games;Walter LLC;Maxie Marrow;Madelon Bront;PC;74-0214938;35174.109999999986;0.2048000285999485;2020-11;2020;0.20480002859994859;OK
France;26103.94;22339.75;2020-08-31;Appliances;Fisher, Morar and Skiles;Othello Bowes;Ora Grennan;Tablet;89-0187996;3764.189999999999;0.1442000709471443;2020-08;2020;0.14420007094714435;OK
Portugal;140337.34;115708.14;2020-09-04;Appliances;Hegmann Group;Celine Tumasian;Corene Shirer;PC;65-8218141;24629.2;0.1754999774115712;2020-09;2020;0.1754999774115713;OK
Sweden;33617.03;26614.6;2020-04-07;Appliances;Altenwerth-Konopelski;Maxie Marrow;Madelon Bront;PC;49-8489293;7002.43;0.2083000788588403;2020-04;2020;0.2083000788588403;OK
Portugal;187874.45;160031.46;2019-06-26;Accessories;Johns and Sons;Celine Tumasian;Hortense Gerring;PC;91-8142232;27842.99000000002;0.1481999814237647;2019-06;2019;0.14819998142376475;OK
Finland;41675.01;33765.09;2019-06-25;Beauty;Hamill, Kulas and Roob;Hube Corey;Wat Bowkley;PC;75-5380350;7909.920000000005;0.1898000744330956;2019-06;2019;0.18980007443309563;OK
Portugal;34930.08;28017.42;2019-11-01;Appliances;Kihn Inc;Celine Tumasian;Smitty Culverhouse;PC;35-4551515;6912.660000000004;0.1978999189237472;2019-11;2019;0.19789991892374723;OK
Finland;127994.87;105800.56;2020-09-01;Books;Hegmann Group;Hube Corey;Mellicent Mattys;PC;73-2763209;22194.31;0.1733999964217315;2020-09;2020;0.1733999964217316;OK
Portugal;162637.68;130402.89;2019-09-27;Clothing;Larkin-Collier;Celine Tumasian;Corene Shirer;PC;56-0800364;32234.789999999997;0.1982000112151132;2019-09;2019;0.19820001121511324;OK
Portugal;40728.28;35669.83;2019-09-22;Beauty;Romaguera-Haley;Celine Tumasian;Hortense Gerring;Mobile;42-7027181;5058.449999999997;0.124199941662157;2019-09;2019;0.12419994166215703;OK
Finland;293767.28;254079.32;2020-06-05;Games;West-Cummings;Hube Corey;Wat Bowkley;PC;29-0601002;39687.96000000002;0.135100001606714;2020-06;2020;0.13510000160671407;OK
Sweden;57913.36;48693.55;2019-09-11;Games;Murray, Reichel and Nolan;Maxie Marrow;Alyosha Meah;PC;90-2797129;9219.809999999998;0.1592000533210298;2019-09;2019;0.15920005332102985;OK
UK;63979.04;56032.84;2019-10-22;Games;Schoen-Keeling;Jessamine Apark;Genevra Charrisson;PC;27-3437546;7946.200000000004;0.1242000505165442;2019-10;2019;0.12420005051654423;OK
France;102255.86;83379.43;2020-11-12;Smartphones;Rath-Schroeder;Othello Bowes;Avrit Chanders;PC;78-3726363;18876.430000000008;0.1845999828273901;2020-11;2020;0.18459998282739012;OK
Finland;107271.94;86665.0;2020-08-23;Games;Johns and Sons;Hube Corey;Wat Bowkley;PC;78-8990131;20606.94;0.1921000030390053;2020-08;2020;0.19210000303900535;OK
Austria;51090.76;40739.77;2020-03-12;Electronics;Smith Group;Orsa Geekin;Bank Coumbe;PC;85-2223377;10350.990000000003;0.202600039615774;2020-03;2020;0.20260003961577402;OK
Sweden;102299.92;81706.95;2019-08-22;Beauty;Rowe, Hermiston and Kessler;Maxie Marrow;Alyosha Meah;PC;73-9246627;20592.97;0.2012999619159037;2019-08;2019;0.20129996191590377;OK
France;144204.86;115262.94;2020-11-08;Books;McClure Inc;Othello Bowes;Amelina Piscopiello;PC;56-7910696;28941.919999999984;0.2007000318851943;2020-11;2020;0.20070003188519434;OK
France;36183.97;30579.07;2020-08-09;Books;Bashirian, Okuneva and Bechtelar;Othello Bowes;Avrit Chanders;Mobile;91-4296427;5604.9000000000015;0.1549000842085598;2020-08;2020;0.1549000842085598;OK
UK;47771.76;39234.95;2019-05-29;Beauty;Dibbert Inc;Jessamine Apark;Genevra Charrisson;PC;70-8181545;8536.810000000005;0.1786999264837637;2019-05;2019;0.17869992648376373;OK
Spain;44038.31;36252.34;2020-01-24;Electronics;Corwin and Sons;Emalia Dinse;Manuel Goudie;PC;94-0775004;7785.970000000001;0.1767999271543345;2020-01;2020;0.1767999271543345;OK
Sweden;116469.33;95190.38;2020-01-31;Outdoors;Hermiston, Simonis and Wisoky;Maxie Marrow;Caro Morfield;PC;89-3466746;21278.95;0.1827000292695081;2020-01;2020;0.18270002926950812;OK
UK;227856.66;199010.01;2020-07-20;Electronics;Keeling, Monahan and Pollich;Jessamine Apark;Jay Morefield;PC;11-5257937;28846.649999999998;0.1265999861491869;2020-07;2020;0.12659998614918694;OK
Sweden;67161.99;55764.6;2019-09-20;Electronics;Lubowitz, McLaughlin and Erdman;Maxie Marrow;Tarrah Castelletti;PC;22-7587128;11397.390000000009;0.1697000044221442;2019-09;2019;0.16970000442214425;OK
Ireland;168178.03;142665.42;2020-04-29;Clothing;Walter LLC;Glenine Suttaby;Bunnie Tonbridge;PC;36-7597839;25512.609999999982;0.1517000169403815;2020-04;2020;0.15170001694038146;OK
Sweden;42611.78;35755.54;2020-03-12;Clothing;Walter LLC;Maxie Marrow;Tarrah Castelletti;Mobile;16-2824654;6856.239999999998;0.1609001079044339;2020-03;2020;0.1609001079044339;OK
Sweden;166507.76;143896.01;2020-08-27;Accessories;Labadie and Sons;Maxie Marrow;Madelon Bront;PC;49-1743669;22611.75;0.135799977130195;2020-08;2020;0.135799977130195;OK
Spain;131409.9;115325.33;2020-11-15;Electronics;McClure Inc;Emalia Dinse;Bertha Walbrook;PC;48-7252604;16084.569999999992;0.1223999866067929;2020-11;2020;0.1223999866067929;OK
Portugal;133072.0;108600.06;2020-10-28;Outdoors;O'Connell-Mitchell;Celine Tumasian;Corene Shirer;PC;07-1769568;24471.94;0.1838999939882169;2020-10;2020;0.1838999939882169;OK
Finland;180250.02;147354.39;2019-06-03;Electronics;Hartmann, Hane and Pfannerstill;Hube Corey;Mellicent Mattys;PC;57-5645459;32895.629999999976;0.1825000074895968;2019-06;2019;0.18250000748959683;OK
Portugal;48090.78;42040.96;2020-03-19;Books;Kihn Inc;Celine Tumasian;Corene Shirer;PC;13-0740797;6049.82;0.1257999974215431;2020-03;2020;0.12579999742154316;OK
Sweden;168530.22;136981.36;2020-05-16;Appliances;West-Cummings;Maxie Marrow;Tarrah Castelletti;PC;34-9966345;31548.86000000001;0.1872000167091695;2020-05;2020;0.1872000167091695;OK
Sweden;36785.28;30546.5;2019-08-31;Appliances;Johns and Sons;Maxie Marrow;Anita Woakes;PC;91-6738094;6238.779999999999;0.169599905179463;2019-08;2019;0.16959990517946305;OK
Ireland;126409.18;104692.08;2020-10-04;Smartphones;Dibbert Inc;Glenine Suttaby;Bunnie Tonbridge;PC;32-9007470;21717.09999999999;0.1718000227515121;2020-10;2020;0.17180002275151213;OK
Portugal;49990.72;42927.03;2020-01-04;Electronics;Rowe, Hermiston and Kessler;Celine Tumasian;Smitty Culverhouse;PC;68-6382353;7063.690000000002;0.1413000252846928;2020-01;2020;0.14130002528469288;OK
Sweden;36644.05;30491.51;2020-11-20;Clothing;Larkin-Collier;Maxie Marrow;Caro Morfield;PC;88-5406813;6152.5400000000045;0.1679001092946878;2020-11;2020;0.1679001092946878;OK
Sweden;115226.8;94336.18;2019-05-15;Beauty;Wisoky Inc;Maxie Marrow;Tarrah Castelletti;PC;42-2765593;20890.62000000001;0.1813000100671025;2019-05;2019;0.18130001006710253;OK
Finland;154078.75;131336.73;2020-09-05;Books;Lueilwitz, Kerluke and Lesch;Hube Corey;Wat Bowkley;PC;76-0724533;22742.01999999999;0.1475999772843431;2020-09;2020;0.14759997728434315;OK
Bulgaria;80328.16;65836.96;2020-09-23;Games;Hermiston, Simonis and Wisoky;Charil Alpe;Bernadine Fullagar;PC;45-3965395;14491.199999999995;0.1803999992032681;2020-09;2020;0.18039999920326813;OK
Portugal;99832.12;84128.53;2019-05-15;Appliances;Romaguera-Haley;Celine Tumasian;Aurelie Wren;PC;46-6126203;15703.589999999997;0.1572999751983629;2019-05;2019;0.15729997519836297;OK
Finland;133057.07;113351.32;2020-05-03;Other;Romaguera-Dietrich;Hube Corey;Wat Bowkley;PC;27-7554919;19705.75;0.1480999844653125;2020-05;2020;0.1480999844653125;OK
Ireland;80719.44;64422.19;2019-02-09;Appliances;Johns and Sons;Glenine Suttaby;Bunnie Tonbridge;PC;59-1230573;16297.25;0.2018999388499226;2019-02;2019;0.20189993884992263;OK
France;124534.96;107012.89;2020-07-18;Books;Dickinson, Hyatt and Berge;Othello Bowes;Maighdiln Upcraft;PC;45-2229786;17522.070000000007;0.1407000090576975;2020-07;2020;0.14070000905769758;OK
Sweden;67611.54;56191.95;2019-10-30;Clothing;Kihn Inc;Maxie Marrow;Caro Morfield;PC;62-7218897;11419.589999999997;0.1689000132225948;2019-10;2019;0.16890001322259482;OK
France;132760.25;105039.91;2020-01-07;Beauty;Swaniawski, Runolfsson and Green;Othello Bowes;Crysta Halls;PC;55-4161787;27720.34;0.2087999984935249;2020-01;2020;0.20879999849352499;OK
France;177802.7;155079.51;2019-07-18;Other;Larkin-Collier;Othello Bowes;Amelina Piscopiello;PC;56-2537757;22723.19;0.127800027783605;2019-07;2019;0.12780002778360508;OK
Bulgaria;98963.03;80367.88;2020-10-12;Accessories;Wyman Group;Charil Alpe;Bernadine Fullagar;PC;20-0021649;18595.149999999998;0.1878999662803371;2020-10;2020;0.1878999662803372;OK
Bulgaria;126582.5;103683.73;2020-02-17;Beauty;Rowe, Hermiston and Kessler;Charil Alpe;Bernadine Fullagar;PC;93-2627296;22898.770000000004;0.1808999664250588;2020-02;2020;0.1808999664250588;OK
Portugal;141965.11;119193.91;2019-09-18;Beauty;Friesen and Sons;Celine Tumasian;Hortense Gerring;PC;56-2408571;22771.199999999983;0.1603999743317212;2019-09;2019;0.16039997433172126;OK
Ireland;167301.52;147074.77;2019-05-06;Outdoors;Christiansen, Donnelly and Bechtelar;Glenine Suttaby;Bunnie Tonbridge;PC;80-3206606;20226.75;0.1208999774777898;2019-05;2019;0.12089997747778981;OK
France;133985.91;116741.92;2019-01-15;Clothing;Kihn Inc;Othello Bowes;Amelina Piscopiello;PC;48-3190394;17243.990000000005;0.1287000252489236;2019-01;2019;0.1287000252489236;OK
France;91540.03;74916.36;2019-09-09;Clothing;Kihn Inc;Othello Bowes;Ora Grennan;PC;38-6130023;16623.67;0.1816000060301487;2019-09;2019;0.18160000603014875;OK
UK;146055.05;117822.61;2019-10-07;Clothing;Hartmann, Hane and Pfannerstill;Jessamine Apark;Winny Agnolo;Tablet;38-2969743;28232.439999999988;0.1932999920235554;2019-10;2019;0.19329999202355544;OK
Sweden;113586.11;91641.27;2019-02-19;Outdoors;Labadie and Sons;Maxie Marrow;Tarrah Castelletti;Mobile;48-8166416;21944.84;0.1932000312362136;2019-02;2019;0.19320003123621365;OK
Ireland;135662.46;116764.68;2020-05-02;Beauty;Corwin and Sons;Glenine Suttaby;Palm Wetherald;PC;33-4102367;18897.78;0.139299995002302;2020-05;2020;0.13929999500230203;OK
Portugal;113781.45;91104.81;2019-10-08;Books;Bashirian, Okuneva and Bechtelar;Celine Tumasian;Aurelie Wren;PC;44-5240815;22676.64;0.1992999737654951;2019-10;2019;0.19929997376549516;OK
France;111462.88;94130.4;2020-09-03;Outdoors;Romaguera-Dietrich;Othello Bowes;Avrit Chanders;Tablet;70-9378988;17332.48000000001;0.1555000193786488;2020-09;2020;0.15550001937864882;OK
UK;34748.75;27475.84;2020-09-27;Smartphones;Wiza and Sons;Jessamine Apark;Genevra Charrisson;Tablet;84-9385946;7272.91;0.2092999028742041;2020-09;2020;0.2092999028742041;OK
UK;137306.45;108732.98;2020-09-04;Books;Gislason-Stanton;Jessamine Apark;Winny Agnolo;PC;00-1210718;28573.470000000016;0.2080999836497121;2020-09;2020;0.2080999836497121;OK
Portugal;148212.23;123030.97;2019-09-10;Clothing;Corwin and Sons;Celine Tumasian;Brynn Dempster;PC;92-7917751;25181.26000000001;0.1699000143240541;2019-09;2019;0.16990001432405413;OK
Portugal;159057.92;139923.25;2020-10-24;Smartphones;Johns and Sons;Celine Tumasian;Brynn Dempster;PC;91-3344544;19134.670000000013;0.120300013982328;2020-10;2020;0.12030001398232802;OK
Sweden;146226.36;117916.94;2020-10-18;Smartphones;Farrell, Swaniawski and Crist;Maxie Marrow;Alyosha Meah;PC;28-1840061;28309.419999999984;0.1935999774596043;2020-10;2020;0.1935999774596043;OK
Portugal;201537.12;166127.05;2020-06-10;Outdoors;Connelly-Mohr;Celine Tumasian;Brynn Dempster;PC;20-7532198;35410.07000000001;0.1756999901556597;2020-06;2020;0.1756999901556597;OK
Portugal;242192.19;213104.91;2019-07-02;Accessories;Schowalter, Lesch and Beahan;Celine Tumasian;Smitty Culverhouse;PC;96-7618409;29087.28;0.1200999916636453;2019-07;2019;0.1200999916636453;OK
Luxembourg;172397.66;139986.9;2019-01-27;Clothing;Johns and Sons;Ilsa Kob;Jocelyn Laurentino;PC;47-8186791;32410.76000000001;0.1879999995359566;2019-01;2019;0.18799999953595664;OK
Belgium;152370.57;128478.86;2019-11-20;Games;Swaniawski, Runolfsson and Green;Lambert Norheny;Collin Mackness;PC;61-8262308;23891.710000000006;0.1568000303470677;2019-11;2019;0.15680003034706771;OK
Portugal;137419.3;117658.4;2020-05-15;Games;Hane Inc;Celine Tumasian;Smitty Culverhouse;Mobile;39-1945268;19760.899999999998;0.1438000339108116;2020-05;2020;0.14380003391081164;OK
France;67594.1;54920.21;2019-09-26;Other;Rowe, Hermiston and Kessler;Othello Bowes;Amelina Piscopiello;PC;70-1769929;12673.890000000009;0.1874999445217852;2019-09;2019;0.18749994452178528;OK
Luxembourg;72002.26;56996.99;2019-01-17;Appliances;McGlynn-Prosacco;Ilsa Kob;Jocelyn Laurentino;PC;65-0414599;15005.269999999997;0.2083999863337622;2019-01;2019;0.20839998633376228;OK
France;159926.16;126453.61;2020-09-12;Beauty;McGlynn-Prosacco;Othello Bowes;Ora Grennan;Mobile;44-0517932;33472.55;0.2093000294635974;2020-09;2020;0.20930002946359746;OK
France;65193.88;53113.45;2019-10-04;Beauty;Friesen and Sons;Othello Bowes;Maighdiln Upcraft;PC;74-1131921;12080.43;0.1853000619076514;2019-10;2019;0.18530006190765147;OK
Portugal;105374.44;89779.02;2020-02-18;Electronics;Stehr LLC;Celine Tumasian;Brynn Dempster;PC;74-8625042;15595.419999999998;0.1480000273311061;2020-02;2020;0.1480000273311061;OK
UK;83097.4;68148.18;2019-03-22;Clothing;Corwin and Sons;Jessamine Apark;Jay Morefield;Tablet;36-0185776;14949.22;0.1798999728029998;2019-03;2019;0.17989997280299985;OK
Sweden;139682.07;113212.32;2020-01-18;Games;Tromp LLC;Maxie Marrow;Anita Woakes;PC;98-4157323;26469.75;0.1894999837846045;2020-01;2020;0.18949998378460456;OK
France;81095.39;64316.75;2020-09-08;Games;Murray, Reichel and Nolan;Othello Bowes;Avrit Chanders;PC;36-8783637;16778.64;0.2069000469693776;2020-09;2020;0.20690004696937767;OK
Bulgaria;91108.56;74089.48;2020-06-24;Appliances;Stehr LLC;Charil Alpe;Shermy McGready;PC;34-0286364;17019.08;0.1868000108881097;2020-06;2020;0.18680001088810977;OK
Luxembourg;47182.43;40576.89;2020-02-21;Smartphones;Kirlin and Sons;Ilsa Kob;Jocelyn Laurentino;PC;82-0533747;6605.540000000001;0.1399999957611339;2020-02;2020;0.13999999576113398;OK
Finland;161984.91;138237.92;2020-06-08;Appliances;Romaguera-Dietrich;Hube Corey;Mellicent Mattys;PC;59-9184649;23746.98999999999;0.1466000135444714;2020-06;2020;0.14660001354447147;OK
Sweden;116548.17;92119.67;2020-05-05;Clothing;Johns and Sons;Maxie Marrow;Anita Woakes;PC;03-3136289;24428.5;0.2096000306139513;2020-05;2020;0.2096000306139513;OK
Portugal;138764.6;111414.1;2020-05-10;Appliances;Johns and Sons;Celine Tumasian;Brynn Dempster;PC;79-6676714;27350.5;0.1970999808308459;2020-05;2020;0.1970999808308459;OK
France;148405.47;128845.63;2019-10-27;Electronics;Johns and Sons;Othello Bowes;Amelina Piscopiello;PC;82-1082124;19559.84;0.1317999936255718;2019-10;2019;0.13179999362557188;OK
Netherlands;138249.77;120277.3;2019-08-09;Games;Hessel-Stiedemann;Denice Amberg;Nero Harbisher;PC;79-1331359;17972.469999999987;0.1299999992766714;2019-08;2019;0.1299999992766714;OK
Portugal;115718.87;100640.7;2019-04-24;Electronics;Hilll-Vandervort;Celine Tumasian;Aurelie Wren;PC;84-7042200;15078.169999999998;0.1303000107069832;2019-04;2019;0.13030001070698322;OK
Portugal;194326.7;169005.93;2019-07-07;Books;Johns and Sons;Celine Tumasian;Hortense Gerring;Mobile;42-5303223;25320.77000000002;0.1303000050945136;2019-07;2019;0.13030000509451362;OK
France;38648.72;32368.3;2020-12-04;Beauty;Leffler, Prohaska and Streich;Othello Bowes;Crysta Halls;Tablet;04-6732680;6280.420000000002;0.1625000776222343;2020-12;2020;0.16250007762223437;OK
Sweden;58010.14;46089.06;2019-09-11;Appliances;Bashirian, Okuneva and Bechtelar;Maxie Marrow;Tarrah Castelletti;PC;84-9167618;11921.080000000002;0.2054999350113618;2019-09;2019;0.20549993501136185;OK
France;82697.53;69548.62;2020-08-12;Games;Kihn Inc;Othello Bowes;Avrit Chanders;PC;47-5319780;13148.910000000003;0.1590000330118687;2020-08;2020;0.1590000330118687;OK
Sweden;68086.96;58759.05;2019-11-26;Electronics;Stamm-Zulauf;Maxie Marrow;Tarrah Castelletti;PC;20-1013432;9327.910000000003;0.1369999483014075;2019-11;2019;0.13699994830140752;OK
Bulgaria;111106.06;93195.76;2020-11-11;Games;Hermiston, Simonis and Wisoky;Charil Alpe;Bernadine Fullagar;PC;87-5540520;17910.300000000003;0.1612000281532798;2020-11;2020;0.16120002815327988;OK
Portugal;227830.33;182173.13;2020-06-10;Books;O'Connell-Mitchell;Celine Tumasian;Aurelie Wren;PC;59-3526945;45657.19999999998;0.2004000081990838;2020-06;2020;0.20040000819908388;OK
France;87355.7;74584.3;2019-02-03;Smartphones;Smith Group;Othello Bowes;Crysta Halls;PC;33-4706706;12771.399999999994;0.1461999617655172;2019-02;2019;0.14619996176551725;OK
France;164267.72;139069.05;2020-10-08;Appliances;Hilll-Vandervort;Othello Bowes;Crysta Halls;PC;51-9052860;25198.670000000013;0.1534000106655161;2020-10;2020;0.1534000106655161;OK
UK;92179.76;74794.66;2020-07-25;Beauty;Dickinson, Hyatt and Berge;Jessamine Apark;Jay Morefield;Tablet;99-9021526;17385.09999999999;0.1885999703188638;2020-07;2020;0.18859997031886383;OK
Sweden;124093.76;105231.51;2019-10-15;Electronics;Armstrong-Little;Maxie Marrow;Anita Woakes;PC;87-0122224;18862.25;0.1519999877511971;2019-10;2019;0.15199998775119716;OK
UK;66391.58;52635.24;2019-12-04;Clothing;Friesen and Sons;Jessamine Apark;Winny Agnolo;Mobile;88-1711226;13756.340000000004;0.207200069647386;2019-12;2019;0.20720006964738605;OK
France;197471.1;162577.96;2019-06-28;Appliances;Johns and Sons;Othello Bowes;Crysta Halls;PC;59-5711012;34893.140000000014;0.1766999829342117;2019-06;2019;0.1766999829342117;OK
UK;122627.2;100284.52;2019-05-12;Clothing;Wiza and Sons;Jessamine Apark;Winny Agnolo;PC;65-0792739;22342.679999999997;0.1822000339239581;2019-05;2019;0.18220003392395812;OK
UK;159052.7;127926.09;2019-06-01;Games;Stamm Inc;Jessamine Apark;Genevra Charrisson;PC;75-7245546;31126.61000000001;0.1956999786863097;2019-06;2019;0.1956999786863097;OK
Portugal;85515.6;67959.25;2019-10-13;Games;Larkin-Collier;Celine Tumasian;Brynn Dempster;PC;05-0243828;17556.350000000006;0.2052999686606888;2019-10;2019;0.20529996866068886;OK
Portugal;42847.46;34757.86;2020-10-22;Accessories;Morissette Group;Celine Tumasian;Aurelie Wren;PC;14-9919657;8089.5999999999985;0.1887999895443043;2020-10;2020;0.18879998954430435;OK
France;125499.82;100977.16;2019-04-08;Beauty;Spencer, Rogahn and Muller;Othello Bowes;Ora Grennan;PC;47-9191500;24522.660000000003;0.1953999615298253;2019-04;2019;0.1953999615298253;OK
Finland;222379.49;192869.73;2019-07-10;Beauty;Labadie and Sons;Hube Corey;Mellicent Mattys;Mobile;51-3543971;29509.75999999998;0.1327000075411629;2019-07;2019;0.13270000754116298;OK
Portugal;85390.17;74400.46;2019-01-25;Electronics;Stamm-Zulauf;Celine Tumasian;Brynn Dempster;PC;14-4225824;10989.709999999992;0.1286999428622755;2019-01;2019;0.1286999428622755;OK
Portugal;97514.7;80790.93;2020-02-12;Appliances;Tillman and Sons;Celine Tumasian;Hortense Gerring;PC;88-1349718;16723.770000000004;0.1714999892323927;2020-02;2020;0.1714999892323927;OK
UK;87321.89;69254.99;2019-01-17;Electronics;Tillman and Sons;Jessamine Apark;Winny Agnolo;Mobile;62-5120016;18066.899999999998;0.206900010982355;2019-01;2019;0.20690001098235503;OK
Sweden;205059.8;173029.46;2020-06-23;Electronics;Stehr-Bogan;Maxie Marrow;Caro Morfield;PC;19-4538571;32030.34;0.156199996293764;2020-06;2020;0.15619999629376408;OK
Portugal;105833.52;85312.4;2019-03-20;Smartphones;McGlynn-Prosacco;Celine Tumasian;Corene Shirer;PC;01-1212783;20521.12000000001;0.1939000044598347;2019-03;2019;0.19390000445983474;OK
France;40043.11;35109.8;2020-09-07;Appliances;Romaguera-Haley;Othello Bowes;Ora Grennan;PC;58-8728288;4933.309999999998;0.1231999712310057;2020-09;2020;0.12319997123100572;OK
Portugal;57859.08;47756.88;2019-12-08;Books;Hessel-Stiedemann;Celine Tumasian;Aurelie Wren;Mobile;95-2190016;10102.200000000004;0.1746000800565789;2019-12;2019;0.17460008005657893;OK
France;132235.46;114132.43;2020-06-01;Books;Zieme, Bailey and Herzog;Othello Bowes;Ora Grennan;PC;95-4388709;18103.03;0.1368999661664125;2020-06;2020;0.13689996616641256;OK
UK;33724.53;26770.53;2020-01-30;Beauty;Gorczany-Lehner;Jessamine Apark;Winny Agnolo;Mobile;57-8678621;6954.0;0.2062000567539414;2020-01;2020;0.20620005675394143;OK
Ireland;36070.76;29339.96;2019-05-17;Other;Friesen-Rath;Glenine Suttaby;Bunnie Tonbridge;Mobile;22-4278602;6730.800000000003;0.1865998942079402;2019-05;2019;0.18659989420794024;OK
Sweden;39457.34;32793.0;2020-10-20;Beauty;Morissette Group;Maxie Marrow;Anita Woakes;PC;98-3280428;6664.3399999999965;0.1688998802250733;2020-10;2020;0.16889988022507338;OK
Italy;38536.92;32001.06;2020-05-28;Books;Spencer, Rogahn and Muller;Piggy Roscrigg;Joshua Prevost;Mobile;61-4366487;6535.859999999997;0.1695999576510005;2020-05;2020;0.16959995765100058;OK
France;173829.96;149824.04;2019-09-23;Beauty;Dibbert Inc;Othello Bowes;Amelina Piscopiello;PC;55-2128150;24005.919999999984;0.1381000145199365;2019-09;2019;0.13810001451993653;OK
Portugal;37521.39;29701.93;2020-01-18;Beauty;Friesen-Rath;Celine Tumasian;Hortense Gerring;PC;60-0610487;7819.459999999999;0.2084000619380038;2020-01;2020;0.20840006193800387;OK
Portugal;119409.43;102656.29;2019-06-25;Electronics;Spencer, Rogahn and Muller;Celine Tumasian;Hortense Gerring;PC;02-9253490;16753.14;0.1402999746334942;2019-06;2019;0.1402999746334942;OK
Denmark;248261.86;206727.65;2019-12-22;Smartphones;Gleichner-Green;Modestia Byfford;Case Desorts;PC;65-2343846;41534.20999999999;0.16730000331102;2019-12;2019;0.16730000331102005;OK
UK;96669.92;76475.57;2020-12-27;Appliances;Johns and Sons;Jessamine Apark;Winny Agnolo;Mobile;20-0499139;20194.34999999999;0.2089000383987076;2020-12;2020;0.2089000383987076;OK
France;264149.91;208757.67;2020-12-20;Smartphones;Schmitt, Purdy and Johnson;Othello Bowes;Avrit Chanders;PC;32-3994860;55392.23999999996;0.2097000146621286;2020-12;2020;0.20970001466212868;OK
Portugal;216863.04;175355.45;2019-07-24;Beauty;Dickinson, Hyatt and Berge;Celine Tumasian;Corene Shirer;Tablet;72-7973717;41507.59;0.1914000191088347;2019-07;2019;0.19140001910883475;OK
France;140943.88;120633.87;2020-05-28;Appliances;Armstrong-Little;Othello Bowes;Avrit Chanders;Tablet;77-0650807;20310.01000000001;0.1440999779486701;2020-05;2020;0.14409997794867013;OK
Luxembourg;82525.61;68446.74;2019-03-01;Clothing;Johns and Sons;Ilsa Kob;Jocelyn Laurentino;PC;34-5150360;14078.869999999995;0.1706000113176987;2019-03;2019;0.17060001131769878;OK
Portugal;19622.59;17148.18;2020-03-06;Clothing;Fisher, Morar and Skiles;Celine Tumasian;Aurelie Wren;PC;73-4726386;2474.41;0.1261000713973027;2020-03;2020;0.12610007139730278;OK
Sweden;263713.12;216165.64;2020-06-30;Electronics;Schmitt, Purdy and Johnson;Maxie Marrow;Tarrah Castelletti;PC;78-6165949;47547.47999999998;0.1803000169274853;2020-06;2020;0.18030001692748537;OK
Portugal;284298.56;229656.38;2020-07-03;Clothing;Stehr LLC;Celine Tumasian;Corene Shirer;PC;74-0191565;54642.17999999999;0.1921999886316694;2020-07;2020;0.19219998863166946;OK
Sweden;98320.37;77722.25;2020-08-23;Games;Konopelski LLC;Maxie Marrow;Tarrah Castelletti;Tablet;02-3364199;20598.119999999995;0.2095000252745183;2020-08;2020;0.20950002527451836;OK
UK;128112.26;104975.19;2020-12-09;Books;Hessel-Stiedemann;Jessamine Apark;Jay Morefield;PC;39-8642490;23137.069999999992;0.1805999675597011;2020-12;2020;0.1805999675597011;OK
France;110878.97;90588.12;2020-02-06;Appliances;Konopelski LLC;Othello Bowes;Amelina Piscopiello;PC;50-8357453;20290.85000000001;0.1829999863815474;2020-02;2020;0.18299998638154746;OK
Sweden;66225.71;52437.52;2020-09-05;Books;Larkin-Collier;Maxie Marrow;Alyosha Meah;PC;68-6900528;13788.19000000001;0.2081999573881504;2020-09;2020;0.20819995738815045;OK
UK;73727.91;64047.44;2020-10-11;Books;Romaguera-Haley;Jessamine Apark;Winny Agnolo;PC;92-5154775;9680.47;0.1312999378390083;2020-10;2020;0.1312999378390083;OK
Denmark;22164.96;17938.1;2019-03-14;Books;Wyman Group;Modestia Byfford;Case Desorts;PC;60-7777080;4226.860000000001;0.1907000960073918;2019-03;2019;0.19070009600739188;OK
France;151855.04;129486.79;2019-01-16;Electronics;Considine-Fisher;Othello Bowes;Amelina Piscopiello;PC;54-1473475;22368.25000000001;0.1473000171742736;2019-01;2019;0.14730001717427363;OK
Finland;106115.85;93063.6;2020-02-15;Electronics;Johns and Sons;Hube Corey;Mellicent Mattys;Tablet;51-4531731;13052.25;0.1230000042406483;2020-02;2020;0.1230000042406483;OK
France;89369.0;72889.36;2020-01-02;Smartphones;Swaniawski, Runolfsson and Green;Othello Bowes;Ora Grennan;PC;20-6735303;16479.64;0.1843999597175754;2020-01;2020;0.18439995971757545;OK
Sweden;106076.67;84765.87;2019-10-10;Electronics;Romaguera-Haley;Maxie Marrow;Madelon Bront;Mobile;97-5858605;21310.800000000003;0.2008999716902878;2019-10;2019;0.2008999716902878;OK
Netherlands;23290.84;19147.4;2019-02-25;Electronics;Konopelski LLC;Denice Amberg;Nero Harbisher;PC;02-2183787;4143.439999999999;0.1778999812801942;2019-02;2019;0.1778999812801942;OK
France;83340.04;73264.23;2020-05-18;Clothing;Johns and Sons;Othello Bowes;Amelina Piscopiello;PC;65-5818172;10075.809999999998;0.1208999899688073;2020-05;2020;0.1208999899688073;OK
Denmark;39287.29;31708.77;2019-03-15;Games;Tillman and Sons;Modestia Byfford;Cobby Andersen;PC;03-8586261;7578.52;0.1929000447727496;2019-03;2019;0.19290004477274966;OK
Bulgaria;124611.61;107776.58;2020-09-19;Electronics;Wiza and Sons;Charil Alpe;Shermy McGready;PC;86-0928074;16835.03;0.1351000119491273;2020-09;2020;0.13510001194912735;OK
France;147055.1;126114.45;2019-04-15;Games;Friesen-Rath;Othello Bowes;Crysta Halls;PC;77-1100434;20940.65000000001;0.1424000255686474;2019-04;2019;0.14240002556864745;OK
Ireland;130242.41;113050.41;2020-12-30;Smartphones;Johns and Sons;Glenine Suttaby;Palm Wetherald;PC;70-7426559;17192.0;0.1320000144346223;2020-12;2020;0.13200001443462234;OK
France;34771.79;28509.39;2020-03-19;Smartphones;Rowe, Hermiston and Kessler;Othello Bowes;Maighdiln Upcraft;PC;45-5963143;6262.4000000000015;0.1801000178593049;2020-03;2020;0.18010001785930496;OK
Portugal;201573.23;166116.5;2019-12-05;Games;Schuster Inc;Celine Tumasian;Corene Shirer;Mobile;94-3590580;35456.73000000001;0.1758999942601505;2019-12;2019;0.17589999426015057;OK
Sweden;71119.23;59220.98;2019-03-09;Books;Johns and Sons;Maxie Marrow;Alyosha Meah;PC;52-5981325;11898.249999999993;0.1673000396657837;2019-03;2019;0.1673000396657837;OK
Portugal;115538.34;99686.48;2020-01-28;Games;Larkin-Collier;Celine Tumasian;Smitty Culverhouse;PC;74-7472724;15851.86;0.1371999978535263;2020-01;2020;0.13719999785352638;OK
Portugal;144237.38;116111.09;2020-11-05;Books;Johns and Sons;Celine Tumasian;Hortense Gerring;PC;03-3965480;28126.290000000008;0.195000006239714;2020-11;2020;0.19500000623971406;OK
UK;91561.49;78266.76;2019-03-25;Books;Armstrong-Little;Jessamine Apark;Winny Agnolo;PC;64-4188827;13294.73000000001;0.1452000180425199;2019-03;2019;0.14520001804251995;OK
Sweden;233858.47;185543.31;2020-06-02;Beauty;Romaguera-Dietrich;Maxie Marrow;Alyosha Meah;PC;66-5572109;48315.16;0.2066000004190568;2020-06;2020;0.20660000041905688;OK
UK;256388.08;212058.58;2019-12-05;Appliances;Tromp LLC;Jessamine Apark;Jay Morefield;Mobile;44-2994974;44329.5;0.1729000037755265;2019-12;2019;0.17290000377552656;OK
UK;125099.05;108473.39;2020-03-05;Books;Dibbert Inc;Jessamine Apark;Genevra Charrisson;PC;30-7981953;16625.660000000003;0.1328999700637215;2020-03;2020;0.13289997006372153;OK
UK;121246.32;104005.09;2020-05-30;Books;Altenwerth-Konopelski;Jessamine Apark;Winny Agnolo;PC;82-9740062;17241.23000000001;0.1422000271843302;2020-05;2020;0.14220002718433028;OK
Finland;28538.19;24970.92;2019-05-27;Games;Hilll-Vandervort;Hube Corey;Wat Bowkley;PC;28-7069317;3567.2700000000004;0.1249998685971325;2019-05;2019;0.1249998685971325;OK
France;89930.18;78005.44;2020-03-26;Other;Hessel-Stiedemann;Othello Bowes;Maighdiln Upcraft;PC;65-0441590;11924.73999999999;0.1325999792283301;2020-03;2020;0.13259997922833014;OK
Sweden;170457.8;142809.54;2020-08-14;Accessories;Shanahan, Schaden and Parker;Maxie Marrow;Anita Woakes;PC;60-1991659;27648.25999999998;0.1622000283941244;2020-08;2020;0.16220002839412442;OK
UK;166380.74;146049.01;2020-06-23;Smartphones;Labadie and Sons;Jessamine Apark;Genevra Charrisson;PC;15-2948501;20331.72999999998;0.1222000214688309;2020-06;2020;0.12220002146883097;OK
France;116328.75;93365.45;2019-09-27;Appliances;Schowalter, Lesch and Beahan;Othello Bowes;Crysta Halls;PC;02-6830973;22963.300000000003;0.1974000408325543;2019-09;2019;0.19740004083255433;OK
Germany;230765.62;195435.4;2019-07-18;Beauty;Johns and Sons;Rickard Doogood;Casie MacBain;PC;70-0112393;35330.22;0.1531000155049093;2019-07;2019;0.1531000155049093;OK
Portugal;152442.32;122258.74;2020-10-06;Electronics;Johns and Sons;Celine Tumasian;Aurelie Wren;PC;04-6161825;30183.58;0.1980000041983092;2020-10;2020;0.19800000419830924;OK
Sweden;325331.99;264592.51;2019-12-23;Games;Altenwerth-Konopelski;Maxie Marrow;Caro Morfield;Mobile;57-4142025;60739.47999999998;0.1866999922141071;2019-12;2019;0.18669999221410713;OK
UK;56768.43;47384.61;2019-04-22;Games;Kihn Inc;Jessamine Apark;Winny Agnolo;PC;84-9254695;9383.82;0.1652999739467869;2019-04;2019;0.16529997394678697;OK
Portugal;147895.45;120416.48;2019-07-01;Clothing;Wisoky Inc;Celine Tumasian;Hortense Gerring;Mobile;17-1884075;27478.970000000016;0.1857999688293319;2019-07;2019;0.1857999688293319;OK
Ireland;57107.26;48232.79;2020-02-13;Outdoors;Altenwerth-Konopelski;Glenine Suttaby;Bunnie Tonbridge;Mobile;49-6263811;8874.470000000001;0.1554000314495915;2020-02;2020;0.15540003144959152;OK
France;85337.78;72306.7;2020-02-04;Appliances;Lubowitz, McLaughlin and Erdman;Othello Bowes;Crysta Halls;Mobile;78-6287811;13031.080000000002;0.1527000116478305;2020-02;2020;0.15270001164783056;OK
France;162199.24;130878.57;2020-06-22;Appliances;West-Cummings;Othello Bowes;Avrit Chanders;PC;75-1807214;31320.669999999984;0.1930999799999062;2020-06;2020;0.1930999799999062;OK
Sweden;128208.95;111746.92;2020-07-31;Appliances;Dibbert Inc;Maxie Marrow;Alyosha Meah;PC;72-1300449;16462.03;0.1284000063958093;2020-07;2020;0.12840000639580934;OK
Germany;86669.23;71580.12;2020-03-18;Appliances;Hessel-Stiedemann;Rickard Doogood;Casie MacBain;PC;22-4332301;15089.11;0.174099966043312;2020-03;2020;0.17409996604331204;OK
Ireland;117288.29;94546.09;2019-07-04;Clothing;Johns and Sons;Glenine Suttaby;Palm Wetherald;PC;42-2477150;22742.2;0.1939000048512942;2019-07;2019;0.19390000485129422;OK
France;57292.84;45908.75;2019-10-03;Electronics;Zieme, Bailey and Herzog;Othello Bowes;Ora Grennan;PC;18-5234470;11384.089999999997;0.198700046986674;2019-10;2019;0.19870004698667404;OK
Portugal;110441.89;90970.98;2020-01-04;Beauty;Heaney, Gulgowski and Kshlerin;Celine Tumasian;Hortense Gerring;Tablet;74-4541594;19470.910000000003;0.1763000433983881;2020-01;2020;0.1763000433983881;OK
UK;53801.73;46785.98;2019-09-28;Games;Johns and Sons;Jessamine Apark;Jay Morefield;PC;16-6855831;7015.75;0.1304000819304509;2019-09;2019;0.13040008193045094;OK
UK;308763.51;245714.0;2020-12-04;Outdoors;Kihn Inc;Jessamine Apark;Winny Agnolo;PC;46-5327740;63049.51000000001;0.2042000040743156;2020-12;2020;0.20420000407431568;OK
Portugal;87409.49;70548.2;2020-11-29;Games;Hessel-Stiedemann;Celine Tumasian;Brynn Dempster;PC;06-4416964;16861.290000000008;0.1928999928955083;2020-11;2020;0.19289999289550833;OK
Denmark;31936.44;27708.06;2020-09-17;Books;Hartmann, Hane and Pfannerstill;Modestia Byfford;Cobby Andersen;PC;46-6076582;4228.379999999997;0.1323998542104253;2020-09;2020;0.13239985421042538;OK
Sweden;45463.65;36907.39;2020-08-29;Clothing;Schuster Inc;Maxie Marrow;Alyosha Meah;PC;38-1449694;8556.260000000002;0.1882000235352859;2020-08;2020;0.18820002353528592;OK
Sweden;112909.4;93940.62;2019-04-25;Clothing;Johns and Sons;Maxie Marrow;Madelon Bront;PC;39-3557596;18968.78;0.1680000070853268;2019-04;2019;0.1680000070853268;OK
Portugal;126346.44;103970.49;2019-04-08;Smartphones;Johns and Sons;Celine Tumasian;Corene Shirer;PC;26-9990483;22375.95;0.1770999641936883;2019-04;2019;0.1770999641936884;OK
Portugal;109713.84;95769.21;2020-05-07;Smartphones;Bashirian, Okuneva and Bechtelar;Celine Tumasian;Aurelie Wren;PC;31-7075495;13944.62999999999;0.1271000085312845;2020-05;2020;0.12710000853128456;OK
Netherlands;200472.46;170181.07;2020-06-19;Electronics;Wiza and Sons;Denice Amberg;Nero Harbisher;PC;98-5774102;30291.389999999985;0.1511000064547518;2020-06;2020;0.15110000645475188;OK
France;35214.85;27985.24;2019-03-13;Electronics;Lueilwitz, Kerluke and Lesch;Othello Bowes;Ora Grennan;PC;46-5580805;7229.609999999997;0.2053000367742585;2019-03;2019;0.2053000367742585;OK
Ireland;161630.62;133991.78;2019-04-04;Appliances;Friesen-Rath;Glenine Suttaby;Palm Wetherald;PC;39-6568658;27638.84;0.1710000246240471;2019-04;2019;0.17100002462404712;OK
Portugal;179184.12;142433.46;2020-05-08;Appliances;Hamill, Kulas and Roob;Celine Tumasian;Brynn Dempster;PC;85-1464621;36750.66;0.2050999831904747;2020-05;2020;0.2050999831904747;OK
Sweden;80867.18;63982.11;2019-02-12;Books;Dibbert Inc;Maxie Marrow;Anita Woakes;PC;86-6763776;16885.069999999992;0.2088000348225323;2019-02;2019;0.20880003482253237;OK
France;96613.06;79242.03;2019-04-24;Books;Johns and Sons;Othello Bowes;Ora Grennan;PC;03-7559332;17371.03;0.1798000187552283;2019-04;2019;0.17980001875522833;OK
Portugal;89600.45;70811.24;2020-01-21;Games;Wisoky Inc;Celine Tumasian;Smitty Culverhouse;PC;36-7939842;18789.209999999992;0.2096999512837267;2020-01;2020;0.20969995128372673;OK
Portugal;41921.61;34773.98;2020-11-28;Games;Gislason-Stanton;Celine Tumasian;Hortense Gerring;Tablet;38-7603760;7147.629999999997;0.1704998925375241;2020-11;2020;0.17049989253752415;OK
UK;151012.12;126080.02;2020-08-25;Accessories;Johns and Sons;Jessamine Apark;Jay Morefield;PC;11-5630090;24932.09999999999;0.165099993298551;2020-08;2020;0.16509999329855107;OK
Portugal;112481.44;96700.29;2020-04-11;Electronics;Dickinson, Hyatt and Berge;Celine Tumasian;Hortense Gerring;Mobile;97-6414953;15781.150000000009;0.1403000352769311;2020-04;2020;0.1403000352769311;OK
France;90228.68;77966.6;2019-01-27;Electronics;Wiza and Sons;Othello Bowes;Avrit Chanders;PC;64-9816105;12262.079999999987;0.1359000264660858;2019-01;2019;0.13590002646608582;OK
UK;141552.4;122994.88;2019-09-17;Beauty;Dickinson, Hyatt and Berge;Jessamine Apark;Winny Agnolo;PC;59-0893568;18557.51999999999;0.1311000025432277;2019-09;2019;0.13110000254322773;OK
UK;29783.39;23719.49;2019-11-27;Books;Schmitt, Purdy and Johnson;Jessamine Apark;Winny Agnolo;PC;18-0945763;6063.899999999998;0.2036000603020676;2019-11;2019;0.20360006030206762;OK
Sweden;149938.71;131541.23;2020-12-24;Books;Walter LLC;Maxie Marrow;Madelon Bront;PC;26-1771681;18397.47999999998;0.1227000018874377;2020-12;2020;0.12270000188743775;OK
Sweden;103839.74;90683.24;2020-08-23;Books;Schoen-Keeling;Maxie Marrow;Tarrah Castelletti;PC;57-6427586;13156.5;0.1267000475925691;2020-08;2020;0.1267000475925691;OK
Portugal;30550.32;25457.58;2019-05-31;Beauty;Farrell, Swaniawski and Crist;Celine Tumasian;Smitty Culverhouse;Mobile;73-3910940;5092.739999999998;0.1667000542056514;2019-05;2019;0.16670005420565145;OK
Sweden;24787.65;20454.77;2019-02-12;Other;Lueilwitz, Kerluke and Lesch;Maxie Marrow;Caro Morfield;PC;34-8728117;4332.880000000001;0.1747999507819418;2019-02;2019;0.17479995078194185;OK
France;122468.33;103032.61;2020-09-08;Electronics;Johns and Sons;Othello Bowes;Avrit Chanders;Mobile;53-7680732;19435.72;0.1586999675752907;2020-09;2020;0.1586999675752907;OK
Sweden;137026.71;120117.61;2020-08-26;Smartphones;McGlynn-Bergstrom;Maxie Marrow;Anita Woakes;PC;86-6380587;16909.09999999999;0.1234000290892191;2020-08;2020;0.12340002908921911;OK
Finland;132246.48;106841.93;2019-01-02;Games;Friesen-Rath;Hube Corey;Mellicent Mattys;PC;95-1862126;25404.550000000017;0.1921000090134725;2019-01;2019;0.19210000901347254;OK
Portugal;111551.96;89420.05;2020-01-06;Clothing;Wunsch LLC;Celine Tumasian;Aurelie Wren;PC;41-6241712;22131.910000000003;0.1984000101835951;2020-01;2020;0.19840001018359518;OK
France;127946.33;111850.68;2019-09-09;Beauty;Hamill, Kulas and Roob;Othello Bowes;Crysta Halls;PC;32-3418936;16095.650000000009;0.1258000131774003;2019-09;2019;0.1258000131774003;OK
Sweden;78679.6;62416.53;2019-10-12;Games;Stehr LLC;Maxie Marrow;Tarrah Castelletti;PC;10-1511807;16263.070000000009;0.2066999578035476;2019-10;2019;0.20669995780354766;OK
UK;86071.63;71198.45;2019-11-13;Electronics;Gislason-Stanton;Jessamine Apark;Genevra Charrisson;Tablet;66-6360568;14873.180000000008;0.1728000271401855;2019-11;2019;0.17280002714018552;OK
Portugal;134120.38;105981.92;2020-04-30;Games;McGlynn-Bergstrom;Celine Tumasian;Brynn Dempster;PC;63-4386955;28138.460000000006;0.2098000318818065;2020-04;2020;0.20980003188180651;OK
Spain;77855.47;63545.63;2019-08-13;Outdoors;Goldner-Dibbert;Emalia Dinse;Bertha Walbrook;PC;77-3226391;14309.840000000004;0.1838000592636587;2019-08;2019;0.18380005926365872;OK
UK;176080.36;153401.21;2019-11-13;Beauty;Tillman and Sons;Jessamine Apark;Jay Morefield;PC;74-9554997;22679.149999999998;0.1287999979100451;2019-11;2019;0.12879999791004515;OK
Portugal;159514.03;138872.91;2020-09-23;Clothing;Hessel-Stiedemann;Celine Tumasian;Aurelie Wren;PC;37-0756560;20641.119999999995;0.1294000283235273;2020-09;2020;0.12940002832352737;OK
France;238850.25;199607.15;2019-06-30;Appliances;Rowe, Hermiston and Kessler;Othello Bowes;Ora Grennan;PC;19-9649739;39243.100000000006;0.1643000164328905;2019-06;2019;0.1643000164328905;OK
Sweden;240940.97;195138.09;2019-12-27;Accessories;Wunsch LLC;Maxie Marrow;Tarrah Castelletti;PC;91-4735064;45802.880000000005;0.1901000066530818;2019-12;2019;0.19010000665308188;OK
Denmark;109892.92;89441.85;2020-05-06;Books;Lubowitz, McLaughlin and Erdman;Modestia Byfford;Cobby Andersen;PC;82-1337530;20451.069999999992;0.1860999780513612;2020-05;2020;0.1860999780513612;OK
Germany;86704.08;75380.53;2020-10-05;Books;Tillman and Sons;Rickard Doogood;Casie MacBain;PC;39-3209780;11323.550000000005;0.1305999671526415;2020-10;2020;0.13059996715264155;OK
Ireland;292124.64;245822.88;2019-12-09;Beauty;Christiansen, Donnelly and Bechtelar;Glenine Suttaby;Palm Wetherald;PC;18-0483044;46301.76000000001;0.1585000156097753;2019-12;2019;0.15850001560977536;OK
Bulgaria;122998.65;97476.43;2020-01-28;Games;Armstrong-Little;Charil Alpe;Bernadine Fullagar;PC;70-0044622;25522.22;0.2075000010162713;2020-01;2020;0.20750000101627133;OK
Sweden;50646.66;43039.53;2020-04-01;Clothing;Johns and Sons;Maxie Marrow;Madelon Bront;PC;43-1236055;7607.130000000005;0.1502000329340573;2020-04;2020;0.15020003293405734;OK
Sweden;89639.28;77788.97;2019-01-25;Clothing;Altenwerth-Konopelski;Maxie Marrow;Madelon Bront;PC;25-6133000;11850.309999999998;0.1321999685852005;2019-01;2019;0.13219996858520058;OK
Spain;107359.01;90868.67;2019-10-29;Electronics;Kirlin and Sons;Emalia Dinse;Perri Aldersley;PC;78-7666796;16490.339999999997;0.1535999633379629;2019-10;2019;0.15359996333796294;OK
Luxembourg;148359.68;118480.04;2020-07-23;Games;Dickinson, Hyatt and Berge;Ilsa Kob;Jocelyn Laurentino;PC;45-1867999;29879.64;0.2014000030196883;2020-07;2020;0.20140000301968838;OK
Finland;177464.83;142717.22;2020-01-25;Outdoors;Gislason-Stanton;Hube Corey;Mellicent Mattys;PC;97-5797169;34747.609999999986;0.1957999790719095;2020-01;2020;0.19579997907190957;OK
Portugal;168757.23;136895.86;2020-08-24;Appliances;Labadie and Sons;Celine Tumasian;Aurelie Wren;PC;31-6585710;31861.370000000024;0.1888000294861442;2020-08;2020;0.18880002948614422;OK
France;19814.86;16787.15;2020-03-20;Appliances;Murray, Reichel and Nolan;Othello Bowes;Avrit Chanders;PC;84-0460695;3027.709999999999;0.1527999693159577;2020-03;2020;0.15279996931595777;OK
Belgium;46311.34;40564.1;2020-03-01;Accessories;Heaney, Gulgowski and Kshlerin;Lambert Norheny;Collin Mackness;PC;20-4568650;5747.239999999998;0.1241000584306133;2020-03;2020;0.1241000584306133;OK
France;144927.17;122260.56;2020-09-07;Appliances;Romaguera-Dietrich;Othello Bowes;Crysta Halls;PC;29-9208067;22666.61000000001;0.1564000042228107;2020-09;2020;0.15640000422281072;OK
Netherlands;203231.73;163052.82;2019-12-23;Books;Schuster Inc;Denice Amberg;Nero Harbisher;PC;21-2357660;40178.91;0.1976999851351951;2019-12;2019;0.19769998513519518;OK
Portugal;40467.85;34656.67;2020-02-28;Smartphones;Swaniawski, Runolfsson and Green;Celine Tumasian;Corene Shirer;Tablet;16-3842379;5811.18;0.1435999194422239;2020-02;2020;0.1435999194422239;OK
Sweden;85156.7;69479.35;2020-05-19;Beauty;Lubowitz, McLaughlin and Erdman;Maxie Marrow;Caro Morfield;PC;58-5376153;15677.349999999991;0.1841000179668774;2020-05;2020;0.18410001796687744;OK
Portugal;66146.57;56145.21;2020-04-07;Electronics;Hessel-Stiedemann;Celine Tumasian;Brynn Dempster;PC;04-1808253;10001.360000000008;0.1511999790767685;2020-04;2020;0.15119997907676855;OK
Bulgaria;230669.37;182321.07;2019-06-05;Books;Altenwerth-Konopelski;Charil Alpe;Bernadine Fullagar;PC;44-9036885;48348.29999999999;0.20960000020809;2019-06;2019;0.20960000020809;OK
UK;59043.39;48876.12;2020-10-27;Smartphones;Murray, Reichel and Nolan;Jessamine Apark;Genevra Charrisson;PC;35-0548738;10167.269999999997;0.1721999702252868;2020-10;2020;0.1721999702252868;OK
Ireland;99887.86;84045.65;2020-03-10;Electronics;Friesen-Rath;Glenine Suttaby;Bunnie Tonbridge;PC;64-0103144;15842.210000000006;0.1585999539884026;2020-03;2020;0.15859995398840265;OK
Netherlands;214983.15;180413.86;2019-06-11;Beauty;McClure Inc;Denice Amberg;Nero Harbisher;Tablet;48-7080069;34569.29000000001;0.1607999975812058;2019-06;2019;0.16079999758120583;OK
Portugal;52209.31;41480.3;2019-03-26;Beauty;McClure Inc;Celine Tumasian;Corene Shirer;PC;05-2772504;10729.009999999997;0.2054999386124811;2019-03;2019;0.20549993861248111;OK
Sweden;83782.11;67310.55;2019-02-10;Electronics;Christiansen, Donnelly and Bechtelar;Maxie Marrow;Madelon Bront;PC;42-2439801;16471.559999999998;0.1965999662696487;2019-02;2019;0.1965999662696487;OK
Portugal;166367.16;135788.88;2020-11-02;Beauty;Wisoky Inc;Celine Tumasian;Smitty Culverhouse;PC;82-8353642;30578.28;0.1837999759087069;2020-11;2020;0.18379997590870698;OK
UK;167615.14;135567.12;2020-12-30;Smartphones;Johns and Sons;Jessamine Apark;Winny Agnolo;PC;16-5450021;32048.02000000002;0.1912000312143641;2020-12;2020;0.19120003121436413;OK
Sweden;118030.7;97304.51;2019-09-04;Electronics;Dickinson, Hyatt and Berge;Maxie Marrow;Madelon Bront;PC;80-1021367;20726.19;0.1755999922054177;2019-09;2019;0.17559999220541775;OK
Netherlands;102073.04;81770.71;2020-03-02;Outdoors;Farrell, Swaniawski and Crist;Denice Amberg;Nero Harbisher;Mobile;03-3076058;20302.329999999987;0.198900022963948;2020-03;2020;0.19890002296394804;OK
Finland;99989.89;81191.79;2019-11-15;Appliances;Corwin and Sons;Hube Corey;Wat Bowkley;PC;92-4440351;18798.10000000001;0.1880000068006876;2019-11;2019;0.18800000680068765;OK
Sweden;79407.28;64383.42;2020-07-21;Accessories;Jacobson, Marvin and Brown;Maxie Marrow;Alyosha Meah;PC;15-3268783;15023.86;0.1892000330448291;2020-07;2020;0.18920003304482916;OK
France;184431.48;153059.69;2019-12-07;Books;Johns and Sons;Othello Bowes;Ora Grennan;Mobile;44-7664180;31371.790000000008;0.1700999742560218;2019-12;2019;0.17009997425602183;OK
Portugal;144725.34;115056.65;2019-01-15;Smartphones;Wisoky Inc;Celine Tumasian;Aurelie Wren;PC;92-7042708;29668.69;0.2049999675246919;2019-01;2019;0.20499996752469193;OK
UK;21921.66;18802.21;2020-03-05;Smartphones;Swaniawski, Runolfsson and Green;Jessamine Apark;Jay Morefield;Tablet;21-8595718;3119.4500000000007;0.1422998988215308;2020-03;2020;0.14229989882153088;OK
Portugal;21341.66;16930.34;2019-03-28;Games;Romaguera-Haley;Celine Tumasian;Smitty Culverhouse;PC;06-4611284;4411.32;0.2066999474267699;2019-03;2019;0.20669994742676998;OK
Sweden;84537.2;69405.04;2020-01-19;Games;Keeling, Monahan and Pollich;Maxie Marrow;Tarrah Castelletti;Mobile;04-4730440;15132.160000000003;0.1790000141949343;2020-01;2020;0.17900001419493436;OK
France;40544.43;32666.65;2020-08-01;Books;Johns and Sons;Othello Bowes;Ora Grennan;PC;89-7467187;7877.779999999999;0.1942999321978382;2020-08;2020;0.19429993219783825;OK
Finland;178189.57;153421.22;2019-08-09;Games;Johns and Sons;Hube Corey;Mellicent Mattys;PC;37-7100862;24768.35000000001;0.1389999987092398;2019-08;2019;0.13899999870923987;OK
France;36276.11;28748.82;2019-03-23;Games;Johns and Sons;Othello Bowes;Ora Grennan;PC;20-9472915;7527.290000000001;0.2074999221250569;2019-03;2019;0.20749992212505697;OK
Sweden;36181.81;29698.03;2020-10-27;Appliances;Altenwerth-Konopelski;Maxie Marrow;Madelon Bront;Tablet;82-8836162;6483.779999999999;0.1791999902713545;2020-10;2020;0.17919999027135455;OK
UK;66613.31;55462.24;2019-09-25;Electronics;Labadie and Sons;Jessamine Apark;Genevra Charrisson;PC;38-8230515;11151.07;0.1674000286129003;2019-09;2019;0.16740002861290035;OK
Ireland;77278.68;62951.21;2020-10-02;Smartphones;Dibbert Inc;Glenine Suttaby;Palm Wetherald;PC;46-8792953;14327.469999999994;0.1854000353008099;2020-10;2020;0.18540003530080995;OK
UK;149938.36;123579.2;2020-11-14;Appliances;Johns and Sons;Jessamine Apark;Jay Morefield;PC;93-0380487;26359.15999999999;0.1757999754032256;2020-11;2020;0.17579997540322564;OK
Spain;123953.65;101939.48;2019-05-08;Beauty;Wiza and Sons;Emalia Dinse;Perri Aldersley;PC;44-2650716;22014.17;0.1776000141988557;2019-05;2019;0.17760001419885577;OK
Sweden;73773.6;58421.31;2020-01-21;Books;Tromp LLC;Maxie Marrow;Caro Morfield;Mobile;78-7812852;15352.290000000008;0.2081000520511403;2020-01;2020;0.20810005205114035;OK
Portugal;206869.73;180928.27;2020-07-20;Electronics;Spencer, Rogahn and Muller;Celine Tumasian;Corene Shirer;PC;11-2653878;25941.46000000002;0.1253999799777377;2020-07;2020;0.12539997997773777;OK
France;63690.72;53455.62;2020-08-27;Electronics;Hegmann Group;Othello Bowes;Crysta Halls;Mobile;74-9856135;10235.1;0.1607000203483333;2020-08;2020;0.16070002034833333;OK
UK;18897.97;16469.58;2020-02-16;Other;Hessel-Stiedemann;Jessamine Apark;Winny Agnolo;Mobile;22-8551804;2428.3899999999994;0.1285000452429546;2020-02;2020;0.12850004524295464;OK
Portugal;134807.18;108047.95;2020-12-29;Beauty;Zieme, Bailey and Herzog;Celine Tumasian;Corene Shirer;PC;76-2368068;26759.23;0.1985000353838719;2020-12;2020;0.19850003538387198;OK
UK;47082.67;37882.72;2020-06-30;Games;Schowalter, Lesch and Beahan;Jessamine Apark;Winny Agnolo;PC;83-0606533;9199.949999999995;0.1953999210325157;2020-06;2020;0.1953999210325157;OK
Portugal;41016.31;32985.32;2019-05-09;Beauty;Homenick-Marvin;Celine Tumasian;Corene Shirer;Tablet;84-1745028;8030.989999999998;0.1957999147168528;2019-05;2019;0.19579991471685285;OK
Sweden;43243.45;37764.5;2019-05-16;Clothing;Johns and Sons;Maxie Marrow;Alyosha Meah;PC;63-2957047;5478.949999999997;0.1267001129650848;2019-05;2019;0.12670011296508482;OK
Sweden;88832.28;71501.1;2019-12-23;Electronics;Murray, Reichel and Nolan;Maxie Marrow;Tarrah Castelletti;PC;90-3993986;17331.179999999993;0.1951000244505712;2019-12;2019;0.19510002445057126;OK
France;173456.4;149866.33;2019-09-25;Books;Johns and Sons;Othello Bowes;Avrit Chanders;Mobile;00-1398218;23590.070000000007;0.135999997693945;2019-09;2019;0.13599999769394502;OK
Spain;90926.92;73050.69;2020-03-24;Smartphones;Leffler, Prohaska and Streich;Emalia Dinse;Perri Aldersley;PC;09-9618844;17876.229999999996;0.1965999728133318;2020-03;2020;0.1965999728133318;OK
Sweden;72757.01;63378.63;2020-03-05;Other;Hessel-Stiedemann;Maxie Marrow;Alyosha Meah;PC;96-5143420;9378.379999999996;0.1289000193933203;2020-03;2020;0.12890001939332027;OK
France;60068.71;47688.55;2020-05-09;Other;Friesen-Rath;Othello Bowes;Crysta Halls;PC;99-0862667;12380.159999999996;0.2060999811715616;2020-05;2020;0.20609998117156164;OK
France;105522.72;86581.39;2019-02-16;Clothing;Gislason-Stanton;Othello Bowes;Amelina Piscopiello;PC;79-6118087;18941.33;0.1795000166788725;2019-02;2019;0.17950001667887258;OK
Luxembourg;61374.06;49099.25;2020-02-20;Games;Murray, Reichel and Nolan;Ilsa Kob;Jocelyn Laurentino;PC;07-5296371;12274.809999999998;0.1999999674129428;2020-02;2020;0.19999996741294282;OK
Portugal;76856.57;65535.6;2019-05-31;Clothing;Schowalter, Lesch and Beahan;Celine Tumasian;Hortense Gerring;PC;93-9111830;11320.970000000008;0.1472999640759405;2019-05;2019;0.1472999640759405;OK
Spain;174262.11;143278.31;2019-04-05;Games;Hessel-Stiedemann;Emalia Dinse;Perri Aldersley;PC;47-0713476;30983.79999999999;0.1777999818778734;2019-04;2019;0.17779998187787346;OK
Sweden;151315.26;121173.26;2019-05-23;Beauty;Wiza and Sons;Maxie Marrow;Caro Morfield;PC;92-2645259;30142.00000000001;0.1992000013746135;2019-05;2019;0.19920000137461358;OK
Ireland;50495.53;40749.89;2020-08-31;Smartphones;Heaney, Gulgowski and Kshlerin;Glenine Suttaby;Palm Wetherald;Mobile;93-4118211;9745.64;0.1930000536681167;2020-08;2020;0.19300005366811676;OK
UK;36534.09;31138.0;2020-07-17;Appliances;Wunsch LLC;Jessamine Apark;Winny Agnolo;PC;90-7039701;5396.0899999999965;0.1477001343129115;2020-07;2020;0.1477001343129115;OK
France;134243.39;113019.51;2019-01-21;Beauty;Kihn Inc;Othello Bowes;Maighdiln Upcraft;PC;64-1003834;21223.88000000002;0.1581000003054155;2019-01;2019;0.15810000030541554;OK
France;56068.7;47378.05;2019-02-06;Games;Dickinson, Hyatt and Berge;Othello Bowes;Ora Grennan;PC;24-2679038;8690.649999999994;0.1550000267528941;2019-02;2019;0.15500002675289412;OK
France;31161.76;27300.82;2020-05-09;Beauty;Hermiston, Simonis and Wisoky;Othello Bowes;Maighdiln Upcraft;Mobile;06-4986886;3860.939999999999;0.1238999337649734;2020-05;2020;0.12389993376497346;OK
France;98915.41;85176.06;2020-04-02;Electronics;Schoen-Keeling;Othello Bowes;Ora Grennan;Mobile;63-5897834;13739.350000000006;0.138899995460768;2020-04;2020;0.138899995460768;OK
Ireland;114232.68;95795.52;2019-03-23;Clothing;Johns and Sons;Glenine Suttaby;Bunnie Tonbridge;Tablet;45-6860897;18437.15999999999;0.1614000476921314;2019-03;2019;0.16140004769213145;OK
Luxembourg;71360.36;59750.03;2019-01-02;Electronics;Tillman and Sons;Ilsa Kob;Jocelyn Laurentino;PC;40-9830607;11610.330000000002;0.1626999919843454;2019-01;2019;0.1626999919843454;OK
Portugal;87459.79;69967.83;2020-11-16;Beauty;Romaguera-Haley;Celine Tumasian;Brynn Dempster;Mobile;09-8360520;17491.959999999992;0.2000000228676514;2020-11;2020;0.20000002286765145;OK
Finland;52388.85;45641.17;2020-07-31;Electronics;Johns and Sons;Hube Corey;Mellicent Mattys;PC;55-6785409;6747.68;0.1287999259384392;2020-07;2020;0.1287999259384392;OK
Sweden;178304.35;153573.54;2020-12-09;Electronics;Dibbert Inc;Maxie Marrow;Tarrah Castelletti;PC;12-4881666;24730.81;0.1386999812399416;2020-12;2020;0.1386999812399417;OK
UK;80013.81;65587.32;2020-01-27;Electronics;Romaguera-Dietrich;Jessamine Apark;Winny Agnolo;PC;86-7866497;14426.48999999999;0.1803000007123769;2020-01;2020;0.18030000071237692;OK
Ireland;88684.7;75337.65;2020-01-23;Other;Leffler, Prohaska and Streich;Glenine Suttaby;Palm Wetherald;PC;12-2375671;13347.050000000005;0.1505000298811407;2020-01;2020;0.15050002988114078;OK
UK;161773.31;138283.83;2019-04-30;Books;Johns and Sons;Jessamine Apark;Jay Morefield;PC;56-6310976;23489.48000000001;0.1451999714909709;2019-04;2019;0.14519997149097097;OK
France;108968.67;88395.39;2019-10-17;Books;Johns and Sons;Othello Bowes;Ora Grennan;PC;08-4398900;20573.28;0.1887999550696544;2019-10;2019;0.1887999550696544;OK
UK;50374.22;44047.22;2019-10-07;Games;Armstrong-Little;Jessamine Apark;Genevra Charrisson;PC;23-3084772;6327.0;0.1255999596619064;2019-10;2019;0.12559995966190643;OK
Sweden;174380.2;151518.96;2019-01-02;Appliances;Larkin-Collier;Maxie Marrow;Tarrah Castelletti;PC;33-8484080;22861.24000000002;0.1310999758000049;2019-01;2019;0.13109997580000493;OK
Bulgaria;81482.69;64721.7;2019-02-09;Electronics;Johns and Sons;Charil Alpe;Shermy McGready;PC;28-0362135;16760.990000000005;0.2057000081857877;2019-02;2019;0.20570000818578774;OK
France;108158.8;89328.35;2020-10-09;Appliances;Altenwerth-Konopelski;Othello Bowes;Crysta Halls;PC;53-4511393;18830.45;0.1741000269973409;2020-10;2020;0.17410002699734095;OK
Portugal;76943.74;62870.73;2019-06-01;Electronics;Johns and Sons;Celine Tumasian;Smitty Culverhouse;PC;50-0521963;14073.010000000002;0.1828999994021606;2019-06;2019;0.18289999940216062;OK
Portugal;57345.79;45716.06;2020-11-09;Clothing;Walter LLC;Celine Tumasian;Hortense Gerring;PC;75-6127722;11629.730000000003;0.2028000660554158;2020-11;2020;0.2028000660554158;OK
Sweden;71049.09;58842.86;2019-08-15;Outdoors;Corwin and Sons;Maxie Marrow;Madelon Bront;PC;99-3994854;12206.229999999996;0.1717999484581716;2019-08;2019;0.17179994845817162;OK
France;79205.19;65423.49;2019-05-07;Games;Christiansen, Donnelly and Bechtelar;Othello Bowes;Avrit Chanders;Tablet;45-5157875;13781.700000000004;0.1739999613661681;2019-05;2019;0.1739999613661681;OK
France;42290.45;34255.26;2019-11-10;Clothing;Walter LLC;Othello Bowes;Avrit Chanders;Tablet;97-8921759;8035.189999999995;0.1900001064070019;2019-11;2019;0.19000010640700196;OK
France;110090.36;93433.69;2019-02-01;Clothing;Leffler, Prohaska and Streich;Othello Bowes;Maighdiln Upcraft;PC;43-6672888;16656.67;0.1512999866654991;2019-02;2019;0.15129998666549913;OK
France;121043.69;96750.22;2020-09-28;Books;Hessel-Stiedemann;Othello Bowes;Crysta Halls;PC;28-6152726;24293.47;0.2007000117065168;2020-09;2020;0.20070001170651688;OK
Finland;130251.55;105386.53;2019-08-05;Beauty;Johns and Sons;Hube Corey;Mellicent Mattys;PC;26-1201622;24865.020000000004;0.1908999931286806;2019-08;2019;0.19089999312868064;OK
France;156110.4;132584.56;2019-07-22;Beauty;Stehr LLC;Othello Bowes;Maighdiln Upcraft;PC;18-3315246;23525.84;0.1507000174235669;2019-07;2019;0.15070001742356692;OK
Sweden;122273.0;104531.19;2020-01-07;Appliances;Romaguera-Haley;Maxie Marrow;Caro Morfield;PC;40-9114557;17741.809999999998;0.145099981189633;2020-01;2020;0.14509998118963302;OK
Portugal;126021.1;101762.04;2020-06-13;Beauty;Johns and Sons;Celine Tumasian;Hortense Gerring;Mobile;34-8443139;24259.06000000001;0.1924999861134366;2020-06;2020;0.1924999861134366;OK
Sweden;69565.47;57808.91;2020-05-23;Beauty;Johns and Sons;Maxie Marrow;Anita Woakes;PC;79-0393736;11756.559999999998;0.1689999363189812;2020-05;2020;0.1689999363189812;OK
Bulgaria;174271.91;142083.89;2019-05-20;Clothing;Hessel-Stiedemann;Charil Alpe;Shermy McGready;PC;58-2923511;32188.01999999999;0.1846999898032906;2019-05;2019;0.18469998980329067;OK
Portugal;61994.02;54250.97;2019-02-19;Books;Friesen-Rath;Celine Tumasian;Corene Shirer;PC;84-1343954;7743.049999999996;0.124899950027438;2019-02;2019;0.12489995002743806;OK
Sweden;207379.28;166442.61;2019-12-18;Accessories;Franecki-White;Maxie Marrow;Anita Woakes;PC;43-9259516;40936.67000000001;0.1974000006172266;2019-12;2019;0.19740000061722662;OK
Sweden;153823.74;129258.09;2020-11-30;Electronics;West-Cummings;Maxie Marrow;Anita Woakes;Mobile;53-0009701;24565.649999999998;0.1596999916917895;2020-11;2020;0.15969999169178958;OK
Portugal;251003.51;214105.99;2019-07-30;Clothing;Hilll-Vandervort;Celine Tumasian;Hortense Gerring;PC;50-2002828;36897.52000000002;0.1470000160555524;2019-07;2019;0.14700001605555243;OK
UK;78013.63;64509.47;2020-04-04;Clothing;Keeling, Monahan and Pollich;Jessamine Apark;Genevra Charrisson;PC;90-6933957;13504.160000000003;0.1731000082934226;2020-04;2020;0.17310000829342262;OK
Finland;204138.34;165617.44;2019-06-20;Clothing;Hartmann, Hane and Pfannerstill;Hube Corey;Wat Bowkley;Tablet;98-4201877;38520.9;0.1886999766922764;2019-06;2019;0.18869997669227642;OK
Ireland;81358.58;68918.85;2020-08-21;Books;Tillman and Sons;Glenine Suttaby;Palm Wetherald;Mobile;86-2962836;12439.729999999996;0.1529000383241693;2020-08;2020;0.15290003832416932;OK
Portugal;81458.94;64434.02;2019-11-14;Books;Johns and Sons;Celine Tumasian;Aurelie Wren;PC;76-5324325;17024.920000000006;0.2090000189052301;2019-11;2019;0.2090000189052301;OK
Sweden;79313.86;63316.25;2020-03-01;Appliances;Dickinson, Hyatt and Berge;Maxie Marrow;Madelon Bront;PC;36-3226083;15997.61;0.2017000559549112;2020-03;2020;0.20170005595491128;OK
Finland;100978.49;86568.86;2019-08-09;Appliances;Johns and Sons;Hube Corey;Wat Bowkley;PC;00-8086430;14409.630000000005;0.1426999948206792;2019-08;2019;0.1426999948206792;OK
Portugal;172444.09;149681.47;2019-01-05;Smartphones;Larkin-Collier;Celine Tumasian;Hortense Gerring;PC;98-0946281;22762.619999999995;0.1320000006958777;2019-01;2019;0.1320000006958777;OK
UK;111523.01;98017.57;2020-03-02;Outdoors;Kihn Inc;Jessamine Apark;Winny Agnolo;PC;82-4770311;13505.439999999988;0.1211000312850235;2020-03;2020;0.1211000312850235;OK
UK;62947.82;49967.98;2019-10-16;Accessories;Schowalter, Lesch and Beahan;Jessamine Apark;Genevra Charrisson;PC;34-0265266;12979.839999999997;0.2061999923110919;2019-10;2019;0.2061999923110919;OK
France;80294.56;65295.54;2019-10-04;Books;Considine-Fisher;Othello Bowes;Avrit Chanders;PC;47-9858688;14999.019999999997;0.1867999525746202;2019-10;2019;0.1867999525746202;OK
France;234961.46;199388.3;2019-06-02;Accessories;Heaney, Gulgowski and Kshlerin;Othello Bowes;Maighdiln Upcraft;Mobile;24-9178520;35573.16;0.1513999785326495;2019-06;2019;0.15139997853264958;OK
France;214615.79;177637.49;2019-06-30;Games;Bashirian, Okuneva and Bechtelar;Othello Bowes;Amelina Piscopiello;PC;17-5553034;36978.30000000002;0.1722999971250951;2019-06;2019;0.1722999971250951;OK
France;173418.59;140746.53;2019-05-19;Electronics;Hessel-Stiedemann;Othello Bowes;Maighdiln Upcraft;PC;03-5073152;32672.06;0.1883999864143746;2019-05;2019;0.1883999864143746;OK
France;27400.69;22832.99;2019-09-18;Electronics;Friesen and Sons;Othello Bowes;Maighdiln Upcraft;PC;19-8109416;4567.699999999997;0.1667001816377615;2019-09;2019;0.16670018163776157;OK
Portugal;179323.22;150739.1;2020-08-08;Smartphones;Homenick-Marvin;Celine Tumasian;Brynn Dempster;Tablet;16-5710075;28584.119999999995;0.1593999929289692;2020-08;2020;0.15939999292896923;OK
Portugal;135211.42;108534.21;2019-08-12;Clothing;Larkin-Collier;Celine Tumasian;Corene Shirer;PC;78-5541691;26677.210000000006;0.1972999765848181;2019-08;2019;0.1972999765848181;OK
France;186209.44;148818.58;2019-06-24;Clothing;Friesen-Rath;Othello Bowes;Avrit Chanders;Mobile;69-8016438;37390.860000000015;0.2008000238870812;2019-06;2019;0.2008000238870812;OK
Ireland;127591.73;108988.86;2020-04-30;Games;Swaniawski, Runolfsson and Green;Glenine Suttaby;Palm Wetherald;Mobile;43-7205800;18602.869999999995;0.145799966816031;2020-04;2020;0.14579996681603108;OK
Sweden;53093.47;42533.18;2020-10-25;Clothing;Romaguera-Haley;Maxie Marrow;Anita Woakes;PC;84-2496865;10560.29;0.1988999777185405;2020-10;2020;0.19889997771854054;OK
Netherlands;28787.17;24610.15;2019-08-06;Games;McGlynn-Prosacco;Denice Amberg;Nero Harbisher;PC;13-4700827;4177.019999999997;0.1451000567266597;2019-08;2019;0.14510005672665974;OK
UK;49930.87;40174.38;2020-02-21;Outdoors;Labadie and Sons;Jessamine Apark;Genevra Charrisson;PC;10-5202864;9756.490000000003;0.1953999599846749;2020-02;2020;0.19539995998467488;OK
Portugal;48763.58;39435.11;2020-07-14;Smartphones;Labadie and Sons;Celine Tumasian;Smitty Culverhouse;PC;29-6521179;9328.47;0.1912999414727138;2020-07;2020;0.19129994147271384;OK
France;71079.8;56778.54;2019-11-15;Electronics;Swaniawski, Runolfsson and Green;Othello Bowes;Avrit Chanders;PC;30-9137723;14301.260000000002;0.2012000596512652;2019-11;2019;0.20120005965126522;OK
Sweden;43158.94;36244.88;2019-05-13;Electronics;West-Cummings;Maxie Marrow;Anita Woakes;PC;55-4422832;6914.060000000005;0.1601999493036669;2019-05;2019;0.16019994930366696;OK
France;117538.82;100719.02;2019-07-03;Beauty;Wisoky Inc;Othello Bowes;Avrit Chanders;PC;12-1257338;16819.800000000003;0.1430999562527512;2019-07;2019;0.14309995625275124;OK
Portugal;45725.53;36571.28;2020-07-07;Other;Schoen-Keeling;Celine Tumasian;Aurelie Wren;Mobile;66-6777720;9154.25;0.2001999758121994;2020-07;2020;0.20019997581219945;OK
Portugal;77522.57;64227.45;2019-07-31;Outdoors;Bashirian, Okuneva and Bechtelar;Celine Tumasian;Aurelie Wren;Mobile;53-3568171;13295.12000000001;0.1714999902609009;2019-07;2019;0.1714999902609009;OK
Germany;44118.5;38250.74;2020-03-04;Electronics;Romaguera-Dietrich;Rickard Doogood;Casie MacBain;Mobile;77-6124790;5867.760000000002;0.1329999886668858;2020-03;2020;0.1329999886668858;OK
UK;242526.0;212113.24;2019-06-03;Clothing;Hegmann Group;Jessamine Apark;Winny Agnolo;PC;09-3668672;30412.76000000001;0.1253999983506923;2019-06;2019;0.12539999835069235;OK
France;140635.94;115194.9;2020-12-08;Smartphones;Johns and Sons;Othello Bowes;Amelina Piscopiello;PC;00-5823706;25441.040000000008;0.1808999890070775;2020-12;2020;0.1808999890070775;OK
Portugal;157754.36;132166.6;2019-08-09;Books;Bashirian, Okuneva and Bechtelar;Celine Tumasian;Aurelie Wren;Mobile;67-8646070;25587.75999999998;0.1622000177998248;2019-08;2019;0.16220001779982487;OK
France;88977.22;72534.23;2020-10-03;Books;Franecki-White;Othello Bowes;Ora Grennan;PC;58-1975365;16442.990000000005;0.1847999971228591;2020-10;2020;0.18479999712285913;OK
Portugal;74231.25;61604.51;2019-11-11;Beauty;Gislason-Stanton;Celine Tumasian;Brynn Dempster;Mobile;99-7842298;12626.739999999998;0.1701000589374421;2019-11;2019;0.1701000589374421;OK
Sweden;131402.37;106383.36;2019-10-03;Beauty;Johns and Sons;Maxie Marrow;Anita Woakes;PC;80-8019337;25019.009999999995;0.1903999905024543;2019-10;2019;0.19039999050245437;OK
Sweden;156505.37;128647.41;2019-05-04;Electronics;Schmitt, Purdy and Johnson;Maxie Marrow;Alyosha Meah;PC;76-8416893;27857.959999999992;0.1780000264527663;2019-05;2019;0.17800002645276639;OK
Portugal;139200.81;120172.06;2019-08-23;Games;Johns and Sons;Celine Tumasian;Brynn Dempster;PC;19-3893110;19028.75;0.1366999947773292;2019-08;2019;0.13669999477732925;OK
Sweden;121292.94;104384.7;2019-03-23;Beauty;Schoen-Keeling;Maxie Marrow;Tarrah Castelletti;PC;17-3994138;16908.240000000005;0.1394000343301102;2019-03;2019;0.13940003433011028;OK
France;84712.13;73004.91;2020-07-11;Books;Altenwerth-Konopelski;Othello Bowes;Ora Grennan;PC;29-8090560;11707.22;0.1382000428982248;2020-07;2020;0.13820004289822482;OK
Portugal;172202.38;149816.07;2019-04-09;Appliances;Morissette Group;Celine Tumasian;Hortense Gerring;Tablet;75-5652593;22386.31;0.1300000034842723;2019-04;2019;0.1300000034842724;OK
Sweden;108978.79;95432.73;2019-11-28;Games;Bashirian, Okuneva and Bechtelar;Maxie Marrow;Madelon Bront;PC;84-5276032;13546.059999999998;0.1242999669935773;2019-11;2019;0.12429996699357736;OK
Portugal;69871.92;58014.66;2020-09-06;Games;Johns and Sons;Celine Tumasian;Smitty Culverhouse;PC;01-4729172;11857.259999999997;0.1696999309593896;2020-09;2020;0.16969993095938965;OK
France;184221.2;150324.5;2019-06-15;Electronics;Hessel-Stiedemann;Othello Bowes;Amelina Piscopiello;PC;70-3373325;33896.70000000001;0.1839999956573945;2019-06;2019;0.18399999565739453;OK
France;57348.43;47587.73;2019-01-12;Clothing;Hessel-Stiedemann;Othello Bowes;Crysta Halls;PC;73-6329299;9760.699999999995;0.1701999514197685;2019-01;2019;0.1701999514197685;OK
France;197581.29;169485.23;2019-12-13;Electronics;Christiansen, Donnelly and Bechtelar;Othello Bowes;Ora Grennan;PC;74-6221213;28096.06;0.1422000028443988;2019-12;2019;0.14220000284439888;OK
Portugal;101321.52;86710.96;2019-02-17;Games;Dibbert Inc;Celine Tumasian;Brynn Dempster;PC;53-1326953;14610.559999999998;0.1441999685752839;2019-02;2019;0.1441999685752839;OK
UK;124234.91;98244.97;2020-09-19;Outdoors;Johns and Sons;Jessamine Apark;Genevra Charrisson;PC;56-7081196;25989.94;0.2091999744677241;2020-09;2020;0.20919997446772406;OK
Portugal;254883.03;213413.56;2019-12-12;Appliances;Dickinson, Hyatt and Berge;Celine Tumasian;Corene Shirer;PC;85-9560144;41469.47;0.1627000039979123;2019-12;2019;0.1627000039979123;OK
France;57333.85;46308.55;2020-10-24;Other;Goldner-Dibbert;Othello Bowes;Amelina Piscopiello;PC;35-9605742;11025.299999999996;0.1923000112498985;2020-10;2020;0.19230001124989854;OK
Portugal;65760.39;56672.3;2020-10-09;Smartphones;Schowalter, Lesch and Beahan;Celine Tumasian;Aurelie Wren;PC;30-0037690;9088.089999999997;0.1382000623779755;2020-10;2020;0.1382000623779755;OK
Portugal;53485.0;46713.8;2020-02-18;Clothing;Johns and Sons;Celine Tumasian;Corene Shirer;PC;75-6038587;6771.199999999997;0.126599981303169;2020-02;2020;0.12659998130316905;OK
France;154950.74;133195.66;2019-10-09;Smartphones;Kihn Inc;Othello Bowes;Crysta Halls;Tablet;45-8966277;21755.079999999987;0.1403999748565253;2019-10;2019;0.1403999748565253;OK
UK;19949.11;16364.25;2019-02-25;Beauty;Smith Group;Jessamine Apark;Winny Agnolo;Tablet;23-0941629;3584.8600000000006;0.1797002472792019;2019-02;2019;0.17970024727920195;OK
France;124784.67;106853.11;2020-05-22;Electronics;Swaniawski, Runolfsson and Green;Othello Bowes;Ora Grennan;Tablet;44-2757396;17931.559999999998;0.1437000234083241;2020-05;2020;0.1437000234083241;OK
Luxembourg;120831.28;95746.71;2020-05-22;Outdoors;Stamm-Zulauf;Ilsa Kob;Jocelyn Laurentino;PC;21-4464304;25084.569999999992;0.2075999691470618;2020-05;2020;0.20759996914706186;OK
Portugal;127631.89;110963.17;2019-11-24;Clothing;Schowalter, Lesch and Beahan;Celine Tumasian;Corene Shirer;PC;02-8721192;16668.72;0.1305999621254531;2019-11;2019;0.13059996212545313;OK
Luxembourg;68984.17;59560.93;2019-01-11;Beauty;Schmitt, Purdy and Johnson;Ilsa Kob;Jocelyn Laurentino;PC;46-9710750;9423.239999999998;0.1366000344716766;2019-01;2019;0.1366000344716766;OK
France;56823.17;46583.63;2019-12-21;Beauty;Rowe, Hermiston and Kessler;Othello Bowes;Ora Grennan;Mobile;26-1781486;10239.54;0.1802000838742365;2019-12;2019;0.18020008387423653;OK
Portugal;126974.92;101516.45;2019-01-13;Games;Larkin-Collier;Celine Tumasian;Hortense Gerring;PC;57-7927520;25458.47;0.2004999885016663;2019-01;2019;0.20049998850166634;OK
Portugal;121736.23;106214.86;2020-05-06;Accessories;Zieme, Bailey and Herzog;Celine Tumasian;Smitty Culverhouse;PC;95-4271285;15521.369999999995;0.1275000055447749;2020-05;2020;0.12750000554477492;OK
France;150287.47;123611.44;2020-08-05;Books;Fisher, Morar and Skiles;Othello Bowes;Avrit Chanders;PC;66-4296261;26676.03;0.1775000271147022;2020-08;2020;0.17750002711470222;OK
Finland;93007.22;81837.05;2020-11-09;Outdoors;McGlynn-Prosacco;Hube Corey;Wat Bowkley;PC;24-8477374;11170.169999999998;0.1201000309438342;2020-11;2020;0.12010003094383423;OK
Ireland;165747.2;132912.68;2020-01-21;Books;Farrell, Swaniawski and Crist;Glenine Suttaby;Bunnie Tonbridge;PC;96-1991854;32834.52000000002;0.198099998069349;2020-01;2020;0.19809999806934908;OK
Sweden;177215.51;155807.88;2019-05-07;Clothing;Schmitt, Purdy and Johnson;Maxie Marrow;Alyosha Meah;PC;54-3353166;21407.630000000005;0.1207999796406082;2019-05;2019;0.12079997964060822;OK
France;99132.04;78819.89;2020-03-21;Smartphones;Kirlin and Sons;Othello Bowes;Avrit Chanders;PC;44-6408586;20312.149999999998;0.2048999496025704;2020-03;2020;0.20489994960257046;OK
Germany;180519.86;145968.36;2019-07-04;Games;Jacobson, Marvin and Brown;Rickard Doogood;Casie MacBain;PC;86-6107692;34551.5;0.1913999933303737;2019-07;2019;0.19139999333037375;OK
France;68173.22;54040.91;2020-11-14;Smartphones;Larkin-Collier;Othello Bowes;Amelina Piscopiello;PC;89-7513050;14132.309999999998;0.2073000219147635;2020-11;2020;0.20730002191476357;OK
Portugal;97439.36;79773.6;2019-08-08;Games;Labadie and Sons;Celine Tumasian;Brynn Dempster;PC;54-2767741;17665.759999999995;0.181300041379582;2019-08;2019;0.18130004137958208;OK
Sweden;103638.67;84030.23;2020-10-22;Electronics;Leffler, Prohaska and Streich;Maxie Marrow;Anita Woakes;PC;24-6905998;19608.44;0.1892000350834297;2020-10;2020;0.18920003508342975;OK
Sweden;169810.63;145952.24;2020-11-28;Smartphones;Schowalter, Lesch and Beahan;Maxie Marrow;Caro Morfield;PC;35-0173281;23858.39000000001;0.1404999793004714;2020-11;2020;0.14049997930047142;OK
France;75264.84;61694.59;2020-09-16;Clothing;Tillman and Sons;Othello Bowes;Ora Grennan;Mobile;93-5465623;13570.25;0.1802999913372565;2020-09;2020;0.18029999133725655;OK
Spain;58933.16;51855.29;2019-09-20;Electronics;Schowalter, Lesch and Beahan;Emalia Dinse;Bertha Walbrook;Mobile;67-2823354;7077.870000000003;0.1200999573075667;2019-09;2019;0.12009995730756678;OK
Portugal;168773.6;137398.59;2019-08-22;Games;Tillman and Sons;Celine Tumasian;Corene Shirer;PC;28-0622425;31375.01000000001;0.1858999867277821;2019-08;2019;0.18589998672778213;OK
Portugal;152676.77;122385.7;2020-07-07;Outdoors;Spencer, Rogahn and Muller;Celine Tumasian;Smitty Culverhouse;PC;84-0679518;30291.069999999992;0.1983999923498512;2020-07;2020;0.19839999234985123;OK
Portugal;116556.81;95448.37;2020-05-24;Outdoors;Hermiston, Simonis and Wisoky;Celine Tumasian;Hortense Gerring;PC;95-1195568;21108.44;0.1811000146623779;2020-05;2020;0.18110001466237793;OK
France;310539.0;248275.93;2020-12-11;Electronics;Johns and Sons;Othello Bowes;Ora Grennan;PC;57-2495984;62263.07000000001;0.2005000016101037;2020-12;2020;0.20050000161010376;OK
Portugal;106325.72;92705.4;2019-09-19;Games;Goldner-Dibbert;Celine Tumasian;Aurelie Wren;Mobile;77-5229094;13620.320000000009;0.1280999554952462;2019-09;2019;0.1280999554952462;OK
Sweden;90602.07;71630.0;2020-03-05;Electronics;McGlynn-Bergstrom;Maxie Marrow;Tarrah Castelletti;PC;09-3747816;18972.070000000007;0.2093999618331016;2020-03;2020;0.20939996183310167;OK
Spain;120012.56;97762.23;2020-05-11;Games;Schmitt, Purdy and Johnson;Emalia Dinse;Bertha Walbrook;Mobile;62-9738356;22250.33;0.1854000114654666;2020-05;2020;0.18540001146546664;OK
France;143658.22;123158.19;2020-10-30;Appliances;Wisoky Inc;Othello Bowes;Amelina Piscopiello;PC;22-6938537;20500.03;0.142700013963698;2020-10;2020;0.142700013963698;OK
Portugal;263571.82;216155.25;2020-06-08;Outdoors;Dickinson, Hyatt and Berge;Celine Tumasian;Aurelie Wren;PC;11-0955383;47416.57000000001;0.1798999984140945;2020-06;2020;0.17989999841409451;OK
France;131097.05;109203.84;2020-06-26;Beauty;Larkin-Collier;Othello Bowes;Maighdiln Upcraft;PC;80-1374023;21893.209999999992;0.1670000202140322;2020-06;2020;0.16700002021403224;OK
Italy;127830.38;103874.97;2020-05-21;Games;Romaguera-Dietrich;Piggy Roscrigg;Joshua Prevost;PC;66-7112079;23955.410000000003;0.1873999748729527;2020-05;2020;0.18739997487295276;OK
Portugal;129353.22;111593.02;2019-01-18;Games;Kihn Inc;Celine Tumasian;Corene Shirer;Mobile;31-2600204;17760.199999999997;0.1373000223728485;2019-01;2019;0.13730002237284852;OK
Sweden;176473.32;139413.92;2019-06-22;Games;Wisoky Inc;Maxie Marrow;Anita Woakes;PC;00-7031798;37059.4;0.210000015866421;2019-06;2019;0.21000001586642106;OK
Denmark;43609.57;34634.72;2020-03-01;Appliances;Walter LLC;Modestia Byfford;Cobby Andersen;PC;20-1827241;8974.849999999999;0.2058000113277888;2020-03;2020;0.2058000113277888;OK
Portugal;137562.42;112140.88;2020-04-14;Clothing;Dibbert Inc;Celine Tumasian;Hortense Gerring;PC;80-5941460;25421.540000000008;0.1848000347769398;2020-04;2020;0.18480003477693985;OK
France;51504.5;44592.6;2019-09-22;Appliances;Dibbert Inc;Othello Bowes;Amelina Piscopiello;PC;17-3240628;6911.9000000000015;0.1341999242784611;2019-09;2019;0.13419992427846114;OK
France;38750.53;31298.8;2019-09-01;Outdoors;Johns and Sons;Othello Bowes;Amelina Piscopiello;PC;22-5929243;7451.73;0.1923000795085899;2019-09;2019;0.19230007950858993;OK
France;111676.46;92791.97;2019-06-08;Beauty;Armstrong-Little;Othello Bowes;Ora Grennan;PC;35-7483371;18884.490000000005;0.1691000054980253;2019-06;2019;0.1691000054980253;OK
Sweden;46849.71;39630.17;2019-08-26;Beauty;Leffler, Prohaska and Streich;Maxie Marrow;Anita Woakes;PC;71-1921602;7219.540000000001;0.1540999933617519;2019-08;2019;0.1540999933617519;OK
Sweden;296844.24;244926.18;2019-06-08;Other;Walter LLC;Maxie Marrow;Tarrah Castelletti;PC;22-9949979;51918.06;0.1749000081658987;2019-06;2019;0.1749000081658987;OK
Portugal;163492.16;134178.02;2020-08-12;Appliances;Shanahan, Schaden and Parker;Celine Tumasian;Corene Shirer;PC;06-8466490;29314.14000000001;0.1792999737724427;2020-08;2020;0.17929997377244272;OK
France;116206.87;93104.94;2019-04-15;Games;Keeling, Monahan and Pollich;Othello Bowes;Amelina Piscopiello;PC;34-6603897;23101.929999999997;0.1988000365210765;2019-04;2019;0.19880003652107658;OK
France;195214.72;154649.1;2019-06-26;Books;Keeling, Monahan and Pollich;Othello Bowes;Maighdiln Upcraft;PC;92-3462655;40565.62;0.2078000060651163;2019-06;2019;0.20780000606511642;OK
France;168226.52;136818.63;2020-01-25;Smartphones;Altenwerth-Konopelski;Othello Bowes;Avrit Chanders;PC;26-9826298;31407.889999999985;0.186699992367434;2020-01;2020;0.186699992367434;OK
Sweden;249842.77;218737.35;2020-07-09;Books;Hessel-Stiedemann;Maxie Marrow;Alyosha Meah;PC;39-5542863;31105.419999999984;0.1244999805277534;2020-07;2020;0.12449998052775345;OK
Netherlands;105678.39;89720.95;2020-05-07;Games;Hegmann Group;Denice Amberg;Nero Harbisher;Mobile;18-1809309;15957.440000000002;0.1510000294289116;2020-05;2020;0.15100002942891164;OK
Portugal;253580.08;212449.39;2020-07-06;Games;Wyman Group;Celine Tumasian;Brynn Dempster;PC;51-0837613;41130.68999999997;0.1622000040381719;2020-07;2020;0.16220000403817197;OK
France;56705.66;46986.31;2019-02-01;Outdoors;Johns and Sons;Othello Bowes;Crysta Halls;PC;46-0117523;9719.350000000006;0.1713999978132695;2019-02;2019;0.17139999781326953;OK
Sweden;35354.22;30517.76;2019-02-27;Smartphones;Dickinson, Hyatt and Berge;Maxie Marrow;Caro Morfield;PC;58-1079558;4836.460000000003;0.1368000764830903;2019-02;2019;0.13680007648309037;OK
Portugal;25834.34;22450.04;2020-03-13;Electronics;Romaguera-Dietrich;Celine Tumasian;Brynn Dempster;Mobile;49-9010863;3384.2999999999997;0.1310000565139268;2020-03;2020;0.1310000565139268;OK
Portugal;121928.48;98408.48;2019-09-19;Clothing;Altenwerth-Konopelski;Celine Tumasian;Brynn Dempster;Mobile;58-2028009;23520.0;0.1928999688998009;2019-09;2019;0.19289996889980093;OK
France;167935.31;137942.06;2019-04-18;Games;Romaguera-Haley;Othello Bowes;Amelina Piscopiello;PC;03-4045721;29993.25;0.1786000216392848;2019-04;2019;0.1786000216392848;OK
Portugal;151151.77;124035.14;2019-12-30;Appliances;Rowe, Hermiston and Kessler;Celine Tumasian;Aurelie Wren;PC;80-3039005;27116.62999999999;0.1794000162882643;2019-12;2019;0.17940001628826438;OK
France;95966.17;75976.42;2019-08-24;Electronics;Littel-Blick;Othello Bowes;Amelina Piscopiello;PC;90-4449856;19989.75;0.2082999665402923;2019-08;2019;0.2082999665402923;OK
Portugal;123424.43;98171.79;2019-04-11;Clothing;Spencer, Rogahn and Muller;Celine Tumasian;Corene Shirer;PC;82-2837449;25252.64;0.2046000131416446;2019-04;2019;0.20460001314164467;OK
France;128221.13;102217.88;2020-06-21;Clothing;Johns and Sons;Othello Bowes;Amelina Piscopiello;PC;21-4033151;26003.25;0.2028000377160925;2020-06;2020;0.2028000377160925;OK
Portugal;204133.95;167553.15;2020-06-13;Games;Leffler, Prohaska and Streich;Celine Tumasian;Corene Shirer;PC;98-6563368;36580.80000000002;0.1791999811888224;2020-06;2020;0.1791999811888224;OK
Sweden;89376.84;73646.52;2019-02-17;Beauty;Johns and Sons;Maxie Marrow;Alyosha Meah;PC;21-2589548;15730.319999999992;0.1759999570358494;2019-02;2019;0.17599995703584947;OK
Sweden;110837.96;92106.34;2019-02-25;Electronics;Dickinson, Hyatt and Berge;Maxie Marrow;Alyosha Meah;PC;52-7049356;18731.62000000001;0.1690000429455757;2019-02;2019;0.16900004294557577;OK
Netherlands;118026.37;99873.91;2020-07-04;Appliances;Hessel-Stiedemann;Denice Amberg;Nero Harbisher;PC;35-1708827;18152.459999999992;0.1538000363817;2020-07;2020;0.15380003638170006;OK
Portugal;177208.76;151779.3;2019-01-02;Appliances;Romaguera-Dietrich;Celine Tumasian;Smitty Culverhouse;Mobile;22-1266257;25429.46000000002;0.143500016590602;2019-01;2019;0.14350001659060208;OK
Sweden;97148.34;77806.11;2020-04-29;Books;Romaguera-Dietrich;Maxie Marrow;Tarrah Castelletti;PC;44-9978904;19342.23;0.1990999537408462;2020-04;2020;0.19909995374084621;OK
Spain;144530.35;115407.48;2020-08-04;Other;Swaniawski, Runolfsson and Green;Emalia Dinse;Manuel Goudie;PC;63-1220717;29122.87000000001;0.201500030962355;2020-08;2020;0.20150003096235503;OK
Sweden;45261.84;37816.27;2020-11-21;Beauty;Tillman and Sons;Maxie Marrow;Madelon Bront;PC;40-0265810;7445.57;0.1644999407889736;2020-11;2020;0.16449994078897368;OK
Bulgaria;105277.2;90759.47;2019-11-21;Books;Spencer, Rogahn and Muller;Charil Alpe;Shermy McGready;PC;56-6094665;14517.729999999996;0.1379000391347793;2019-11;2019;0.13790003913477938;OK
Denmark;65822.05;54790.27;2020-11-11;Clothing;Keeling, Monahan and Pollich;Modestia Byfford;Case Desorts;PC;75-3776704;11031.780000000006;0.1676000671507497;2020-11;2020;0.1676000671507497;OK
France;78540.62;63987.04;2019-10-08;Clothing;Considine-Fisher;Othello Bowes;Crysta Halls;PC;55-1050582;14553.579999999994;0.1853000396482736;2019-10;2019;0.18530003964827366;OK
Italy;37636.91;30847.21;2020-03-16;Appliances;West-Cummings;Piggy Roscrigg;Joshua Prevost;Mobile;78-8602908;6789.700000000004;0.1804000381540356;2020-03;2020;0.1804000381540356;OK
Portugal;138127.81;115240.03;2020-05-24;Appliances;Hamill, Kulas and Roob;Celine Tumasian;Corene Shirer;PC;30-3460885;22887.78;0.1657000136323018;2020-05;2020;0.16570001363230186;OK
Ireland;37892.58;30010.92;2019-01-21;Electronics;Johns and Sons;Glenine Suttaby;Palm Wetherald;PC;59-0348389;7881.6600000000035;0.2080000886717136;2019-01;2019;0.20800008867171366;OK
Bulgaria;65329.65;53237.13;2020-02-26;Clothing;Christiansen, Donnelly and Bechtelar;Charil Alpe;Shermy McGready;Mobile;91-7447818;12092.520000000004;0.185100027322969;2020-02;2020;0.18510002732296904;OK
France;167072.72;135044.88;2019-10-21;Clothing;O'Connell-Mitchell;Othello Bowes;Ora Grennan;PC;37-6449638;32027.84;0.1916999974621829;2019-10;2019;0.19169999746218294;OK
France;164243.32;134121.1;2019-05-20;Smartphones;Kirlin and Sons;Othello Bowes;Amelina Piscopiello;PC;38-2806168;30122.22;0.1833999702392767;2019-05;2019;0.1833999702392767;OK
France;174951.18;142690.18;2019-09-18;Clothing;Tillman and Sons;Othello Bowes;Amelina Piscopiello;Mobile;09-7737652;32261.0;0.1844000137638397;2019-09;2019;0.18440001376383972;OK
Portugal;98521.87;84571.17;2020-01-02;Clothing;Johns and Sons;Celine Tumasian;Brynn Dempster;PC;29-1727395;13950.699999999995;0.1416000325612983;2020-01;2020;0.14160003256129827;OK
Portugal;69750.57;60731.82;2019-03-19;Games;Johns and Sons;Celine Tumasian;Hortense Gerring;PC;92-4695001;9018.750000000007;0.1293000186235038;2019-03;2019;0.12930001862350382;OK
Portugal;129022.02;104585.25;2020-06-20;Electronics;Walter LLC;Celine Tumasian;Corene Shirer;PC;51-2167412;24436.770000000004;0.1893999954426384;2020-06;2020;0.1893999954426384;OK
Portugal;41805.53;33352.45;2019-03-23;Appliances;Abbott, Roberts and Torp;Celine Tumasian;Brynn Dempster;Tablet;27-7169008;8453.080000000002;0.2022000438697943;2019-03;2019;0.20220004386979432;OK
Finland;145809.65;123136.25;2019-07-30;Appliances;O'Connell-Mitchell;Hube Corey;Mellicent Mattys;PC;96-5231814;22673.399999999998;0.1554999960565024;2019-07;2019;0.15549999605650242;OK
France;29443.71;23958.35;2020-10-29;Appliances;Johns and Sons;Othello Bowes;Ora Grennan;PC;03-2027170;5485.360000000001;0.1862998922350478;2020-10;2020;0.18629989223504784;OK
Sweden;138443.23;115101.7;2019-06-14;Clothing;Wyman Group;Maxie Marrow;Alyosha Meah;Mobile;99-9599677;23341.530000000013;0.1686000102713582;2019-06;2019;0.16860001027135824;OK
UK;102000.57;87261.49;2020-03-17;Games;Franecki-White;Jessamine Apark;Genevra Charrisson;PC;22-0725785;14739.080000000002;0.144499976813855;2020-03;2020;0.14449997681385507;OK
Portugal;53181.88;42316.82;2020-01-06;Smartphones;Christiansen, Donnelly and Bechtelar;Celine Tumasian;Hortense Gerring;PC;37-6033123;10865.059999999998;0.2043000360273085;2020-01;2020;0.2043000360273085;OK
Portugal;99518.86;81854.26;2019-03-12;Books;Dickinson, Hyatt and Berge;Celine Tumasian;Corene Shirer;PC;29-5158368;17664.600000000006;0.1775000236136146;2019-03;2019;0.1775000236136146;OK
Portugal;79288.03;68536.57;2019-07-08;Clothing;Johns and Sons;Celine Tumasian;Hortense Gerring;PC;95-4281933;10751.459999999992;0.1356000395015488;2019-07;2019;0.13560003950154886;OK
France;111557.68;92470.16;2020-02-15;Books;Hessel-Stiedemann;Othello Bowes;Crysta Halls;PC;61-0532585;19087.51999999999;0.1711000085337019;2020-02;2020;0.17110000853370194;OK
Netherlands;43008.69;34458.56;2019-07-19;Appliances;Stamm-Zulauf;Denice Amberg;Nero Harbisher;PC;99-9093075;8550.130000000005;0.1988000564537074;2019-07;2019;0.19880005645370746;OK
France;154936.24;135739.64;2020-06-29;Books;Friesen-Rath;Othello Bowes;Ora Grennan;PC;65-2631885;19196.599999999977;0.1238999991222194;2020-06;2020;0.12389999912221943;OK
Sweden;115339.49;100691.37;2019-09-03;Outdoors;Farrell, Swaniawski and Crist;Maxie Marrow;Madelon Bront;Mobile;03-4651559;14648.12000000001;0.1270000413561739;2019-09;2019;0.12700004135617393;OK
France;65254.5;53919.79;2019-06-17;Games;Rowe, Hermiston and Kessler;Othello Bowes;Maighdiln Upcraft;PC;91-6673445;11334.71;0.1737000513374556;2019-06;2019;0.17370005133745564;OK
Netherlands;50241.47;43443.8;2020-10-17;Books;Schmitt, Purdy and Johnson;Denice Amberg;Nero Harbisher;Tablet;62-1501210;6797.669999999998;0.1352999822656462;2020-10;2020;0.13529998226564624;OK
UK;304337.49;261730.24;2019-12-04;Clothing;Wunsch LLC;Jessamine Apark;Genevra Charrisson;PC;29-0072186;42607.25;0.1400000046001562;2019-12;2019;0.14000000460015624;OK
Bulgaria;95960.77;76519.12;2020-10-11;Books;Hessel-Stiedemann;Charil Alpe;Bernadine Fullagar;PC;06-5115020;19441.65000000001;0.2025999791373079;2020-10;2020;0.20259997913730796;OK
Sweden;152522.94;122399.66;2020-04-11;Outdoors;Hane Inc;Maxie Marrow;Madelon Bront;PC;22-6046651;30123.28;0.1974999957383459;2020-04;2020;0.19749999573834598;OK
Sweden;63196.98;54671.71;2019-04-18;Smartphones;Spencer, Rogahn and Muller;Maxie Marrow;Caro Morfield;PC;71-6499815;8525.270000000004;0.1348999588271465;2019-04;2019;0.13489995882714653;OK
Sweden;83119.87;69604.58;2019-01-29;Clothing;O'Connell-Mitchell;Maxie Marrow;Alyosha Meah;PC;81-1454737;13515.289999999994;0.1625999896294351;2019-01;2019;0.16259998962943512;OK
France;75483.45;60077.28;2019-12-03;Appliances;Johns and Sons;Othello Bowes;Ora Grennan;PC;26-0092767;15406.169999999998;0.2040999715831748;2019-12;2019;0.20409997158317483;OK
Ireland;65397.28;53920.06;2020-03-20;Outdoors;Baumbach Group;Glenine Suttaby;Bunnie Tonbridge;Mobile;74-6211038;11477.22;0.1754999596313486;2020-03;2020;0.17549995963134857;OK
France;48890.14;41180.16;2019-05-20;Clothing;Johns and Sons;Othello Bowes;Ora Grennan;PC;85-5544928;7709.979999999996;0.1577001006746962;2019-05;2019;0.15770010067469628;OK
France;80839.75;63936.16;2020-05-21;Games;Goldner-Dibbert;Othello Bowes;Crysta Halls;PC;00-6227453;16903.589999999997;0.2090999786614876;2020-05;2020;0.20909997866148766;OK
Ireland;79375.17;64532.01;2020-02-09;Beauty;Hessel-Stiedemann;Glenine Suttaby;Bunnie Tonbridge;Mobile;70-5224180;14843.159999999996;0.1870000404408582;2020-02;2020;0.18700004044085822;OK
Bulgaria;158011.3;137390.83;2019-11-27;Beauty;Jacobson, Marvin and Brown;Charil Alpe;Bernadine Fullagar;PC;40-8287610;20620.47;0.1304999705717249;2019-11;2019;0.13049997057172494;OK
Portugal;155766.23;131529.0;2020-05-27;Games;Romaguera-Haley;Celine Tumasian;Aurelie Wren;PC;49-7876403;24237.23000000001;0.1556000296084716;2020-05;2020;0.15560002960847166;OK
France;19366.75;15857.49;2020-03-28;Games;Wisoky Inc;Othello Bowes;Avrit Chanders;PC;01-6107437;3509.26;0.1812002530109595;2020-03;2020;0.18120025301095952;OK
France;45481.24;37317.36;2019-10-25;Smartphones;Wiza and Sons;Othello Bowes;Crysta Halls;PC;13-6163562;8163.879999999997;0.1794999432733144;2019-10;2019;0.1794999432733144;OK
Sweden;152747.92;130614.75;2020-05-03;Appliances;Armstrong-Little;Maxie Marrow;Anita Woakes;PC;41-0722740;22133.170000000013;0.1448999763793838;2020-05;2020;0.14489997637938384;OK
Sweden;255216.0;211446.46;2019-12-28;Clothing;Jacobson, Marvin and Brown;Maxie Marrow;Tarrah Castelletti;PC;65-4008552;43769.54000000001;0.1714999843270014;2019-12;2019;0.17149998432700148;OK
Portugal;154858.0;135376.86;2020-07-22;Games;Dickinson, Hyatt and Berge;Celine Tumasian;Smitty Culverhouse;PC;72-4825752;19481.14000000001;0.1258000232471038;2020-07;2020;0.12580002324710388;OK
France;250488.42;214142.55;2020-06-13;Appliances;Goldner-Dibbert;Othello Bowes;Amelina Piscopiello;PC;18-2580592;36345.87000000002;0.1451000010299878;2020-06;2020;0.1451000010299878;OK
Sweden;115151.22;91430.07;2020-10-25;Appliances;Farrell, Swaniawski and Crist;Maxie Marrow;Madelon Bront;PC;14-1283254;23721.149999999998;0.2059999885368126;2020-10;2020;0.2059999885368127;OK
Sweden;57347.48;50041.41;2020-08-12;Beauty;Johns and Sons;Maxie Marrow;Madelon Bront;PC;79-4826735;7306.07;0.1274000182745606;2020-08;2020;0.1274000182745606;OK
Portugal;74790.02;64992.53;2020-06-19;Beauty;Corwin and Sons;Celine Tumasian;Corene Shirer;PC;82-2840501;9797.490000000003;0.1309999649685881;2020-06;2020;0.1309999649685881;OK
France;72749.07;59108.62;2019-01-20;Smartphones;Johns and Sons;Othello Bowes;Amelina Piscopiello;PC;19-0320558;13640.450000000004;0.1874999914088249;2019-01;2019;0.18749999140882492;OK
Bulgaria;128235.65;103024.52;2020-09-20;Books;Dickinson, Hyatt and Berge;Charil Alpe;Shermy McGready;PC;57-0945292;25211.12999999999;0.1966000094357535;2020-09;2020;0.19660000943575356;OK
Sweden;79088.7;67415.21;2020-05-24;Beauty;McGlynn-Prosacco;Maxie Marrow;Tarrah Castelletti;PC;01-6573793;11673.48999999999;0.1475999731946534;2020-05;2020;0.14759997319465348;OK
UK;124537.47;105881.76;2019-09-24;Clothing;Hilll-Vandervort;Jessamine Apark;Winny Agnolo;PC;63-0694419;18655.710000000006;0.1497999758626862;2019-09;2019;0.1497999758626862;OK
Sweden;161192.45;135965.83;2019-07-04;Clothing;Wisoky Inc;Maxie Marrow;Tarrah Castelletti;PC;24-2442637;25226.620000000024;0.1565000097709292;2019-07;2019;0.15650000977092923;OK
France;109697.86;89853.52;2019-07-24;Beauty;Considine-Fisher;Othello Bowes;Crysta Halls;PC;04-8899739;19844.34;0.180899973800765;2019-07;2019;0.1808999738007651;OK
France;57276.26;49223.22;2020-04-04;Appliances;Johns and Sons;Othello Bowes;Amelina Piscopiello;PC;48-2932903;8053.040000000001;0.1405999623578774;2020-04;2020;0.14059996235787742;OK
Netherlands;149956.93;130087.64;2020-10-08;Games;Spencer, Rogahn and Muller;Denice Amberg;Nero Harbisher;PC;66-0265458;19869.289999999997;0.1324999784938248;2020-10;2020;0.13249997849382486;OK
Italy;127075.41;110924.13;2019-09-24;Clothing;Labadie and Sons;Piggy Roscrigg;Joshua Prevost;PC;57-6602854;16151.28;0.1270999637144589;2019-09;2019;0.127099963714459;OK
Sweden;28755.32;23938.8;2019-10-10;Books;Murray, Reichel and Nolan;Maxie Marrow;Madelon Bront;PC;47-6702070;4816.52;0.167500135627077;2019-10;2019;0.16750013562707702;OK
Portugal;178027.46;144985.56;2020-01-04;Appliances;Wisoky Inc;Celine Tumasian;Corene Shirer;PC;99-9215178;33041.899999999994;0.1856000192329879;2020-01;2020;0.18560001923298797;OK
Bulgaria;152231.86;122303.08;2019-05-08;Smartphones;Smith Group;Charil Alpe;Shermy McGready;PC;39-5953116;29928.779999999984;0.1965999758526236;2019-05;2019;0.19659997585262368;OK
Sweden;53957.42;46905.19;2019-05-25;Smartphones;Johns and Sons;Maxie Marrow;Caro Morfield;PC;71-3278650;7052.229999999996;0.1306999111521639;2019-05;2019;0.13069991115216398;OK
Portugal;80474.78;66568.74;2019-05-22;Clothing;Farrell, Swaniawski and Crist;Celine Tumasian;Hortense Gerring;PC;38-6891011;13906.039999999994;0.1727999753463134;2019-05;2019;0.1727999753463134;OK
Bulgaria;145439.65;123710.97;2020-10-03;Smartphones;Friesen and Sons;Charil Alpe;Bernadine Fullagar;PC;06-5566367;21728.679999999997;0.1493999744911377;2020-10;2020;0.1493999744911377;OK
France;84035.82;71329.6;2020-10-27;Books;Johns and Sons;Othello Bowes;Maighdiln Upcraft;Tablet;30-9025281;12706.22;0.1512000477891451;2020-10;2020;0.15120004778914514;OK
Spain;68288.68;56754.72;2020-09-27;Beauty;Johns and Sons;Emalia Dinse;Bertha Walbrook;PC;80-4161102;11533.959999999992;0.1689000285259576;2020-09;2020;0.16890002852595765;OK
Sweden;100578.6;83208.68;2019-01-14;Electronics;Labadie and Sons;Maxie Marrow;Caro Morfield;PC;96-1388247;17369.920000000013;0.1726999580427647;2019-01;2019;0.1726999580427647;OK
France;94925.0;77572.71;2019-09-30;Accessories;Schoen-Keeling;Othello Bowes;Avrit Chanders;Mobile;21-2097342;17352.289999999994;0.1827999999999999;2019-09;2019;0.18279999999999993;OK
France;105464.41;84761.75;2019-08-27;Books;Schmitt, Purdy and Johnson;Othello Bowes;Avrit Chanders;PC;30-4045249;20702.660000000003;0.1962999650782667;2019-08;2019;0.19629996507826672;OK
France;155827.3;126360.36;2019-04-30;Appliances;Hilll-Vandervort;Othello Bowes;Avrit Chanders;Tablet;31-9806848;29466.939999999988;0.1890999844058133;2019-04;2019;0.1890999844058133;OK
Portugal;90994.31;72540.66;2020-05-09;Electronics;Zieme, Bailey and Herzog;Celine Tumasian;Brynn Dempster;PC;09-7835975;18453.649999999998;0.202800043211493;2020-05;2020;0.2028000432114931;OK
Portugal;32779.67;26800.66;2020-03-22;Outdoors;Kihn Inc;Celine Tumasian;Aurelie Wren;PC;16-9758497;5979.009999999998;0.182399944843862;2020-03;2020;0.18239994484386202;OK
Bulgaria;40187.99;32508.07;2020-05-22;Games;Friesen-Rath;Charil Alpe;Shermy McGready;PC;54-1058965;7679.919999999998;0.1910998783467399;2020-05;2020;0.1910998783467399;OK
UK;91842.59;73979.21;2019-03-29;Games;Marquardt-Kuvalis;Jessamine Apark;Genevra Charrisson;PC;84-0565956;17863.37999999999;0.1944999591148288;2019-03;2019;0.19449995911482887;OK
Portugal;38494.71;33113.15;2019-02-04;Games;Wisoky Inc;Celine Tumasian;Hortense Gerring;PC;85-6263705;5381.559999999998;0.1397999881022612;2019-02;2019;0.13979998810226127;OK
France;86050.61;75569.65;2020-09-03;Clothing;McClure Inc;Othello Bowes;Crysta Halls;PC;46-4560578;10480.960000000006;0.1217999500526493;2020-09;2020;0.12179995005264932;OK
Sweden;36749.51;30101.52;2020-10-15;Games;Hilll-Vandervort;Maxie Marrow;Madelon Bront;PC;08-5093310;6647.990000000002;0.1809000990761509;2020-10;2020;0.18090009907615098;OK
Finland;194531.02;158970.75;2019-07-09;Clothing;Farrell, Swaniawski and Crist;Hube Corey;Mellicent Mattys;Tablet;21-8525376;35560.26999999999;0.1827999976559008;2019-07;2019;0.1827999976559008;OK
France;106730.16;89503.91;2020-07-30;Beauty;Farrell, Swaniawski and Crist;Othello Bowes;Ora Grennan;PC;60-0406937;17226.25;0.1614000203878641;2020-07;2020;0.1614000203878641;OK
Germany;30177.8;23924.96;2020-10-06;Electronics;Leffler, Prohaska and Streich;Rickard Doogood;Casie MacBain;Mobile;61-4937643;6252.84;0.2071999946980893;2020-10;2020;0.20719999469808933;OK
Portugal;93902.04;80793.31;2020-03-01;Clothing;Tillman and Sons;Celine Tumasian;Aurelie Wren;PC;94-3251589;13108.729999999996;0.139600055547249;2020-03;2020;0.139600055547249;OK
Germany;250483.63;217269.5;2020-07-03;Accessories;Considine-Fisher;Rickard Doogood;Casie MacBain;Mobile;48-2124998;33214.130000000005;0.1326000026428873;2020-07;2020;0.1326000026428873;OK
Sweden;162142.74;136037.76;2019-01-29;Clothing;Kirlin and Sons;Maxie Marrow;Alyosha Meah;PC;19-1017922;26104.97999999998;0.1609999929691578;2019-01;2019;0.16099999296915782;OK
Denmark;47516.54;38987.32;2020-01-09;Books;Johns and Sons;Modestia Byfford;Cobby Andersen;PC;51-1141675;8529.220000000001;0.1795000225184746;2020-01;2020;0.17950002251847463;OK
Germany;163546.81;133307.0;2019-05-07;Electronics;Lueilwitz, Kerluke and Lesch;Rickard Doogood;Casie MacBain;PC;94-2134593;30239.81;0.1849000295389436;2019-05;2019;0.18490002953894363;OK
France;35437.89;30412.8;2020-02-03;Clothing;Homenick-Marvin;Othello Bowes;Ora Grennan;PC;82-0616982;5025.09;0.1417999209320871;2020-02;2020;0.1417999209320871;OK
Belgium;122889.28;103042.66;2020-11-27;Smartphones;Labadie and Sons;Lambert Norheny;Collin Mackness;PC;22-5761330;19846.619999999995;0.16150001041588;2020-11;2020;0.16150001041588002;OK
Luxembourg;26490.47;21168.53;2019-11-04;Appliances;Hessel-Stiedemann;Ilsa Kob;Jocelyn Laurentino;PC;62-1694462;5321.940000000002;0.2009001727791164;2019-11;2019;0.20090017277911648;OK
UK;173722.59;148063.76;2019-04-09;Games;Schowalter, Lesch and Beahan;Jessamine Apark;Jay Morefield;PC;66-2612057;25658.829999999987;0.147700019899542;2019-04;2019;0.14770001989954207;OK
France;76543.36;65819.64;2019-03-21;Accessories;Hermiston, Simonis and Wisoky;Othello Bowes;Ora Grennan;PC;01-7655863;10723.72;0.1400999381265729;2019-03;2019;0.14009993812657295;OK
Sweden;69626.39;57295.56;2019-06-15;Electronics;Hamill, Kulas and Roob;Maxie Marrow;Madelon Bront;PC;06-2196763;12330.830000000002;0.1770999473044631;2019-06;2019;0.17709994730446318;OK
France;249915.21;215326.95;2020-12-15;Appliances;Armstrong-Little;Othello Bowes;Crysta Halls;PC;84-4465649;34588.25999999998;0.1383999797371275;2020-12;2020;0.13839997973712756;OK
Portugal;55790.71;48783.4;2020-10-08;Appliances;Johns and Sons;Celine Tumasian;Corene Shirer;PC;63-6767584;7007.309999999998;0.1255999430729596;2020-10;2020;0.1255999430729596;OK
Netherlands;77896.83;62714.74;2020-03-13;Clothing;Dibbert Inc;Denice Amberg;Nero Harbisher;PC;75-7443241;15182.090000000004;0.194899972181153;2020-03;2020;0.194899972181153;OK
Portugal;104391.93;86770.57;2020-01-04;Beauty;Murray, Reichel and Nolan;Celine Tumasian;Brynn Dempster;PC;34-8182639;17621.359999999986;0.1688000212276943;2020-01;2020;0.16880002122769439;OK
Portugal;57115.99;48976.96;2019-03-27;Books;Lind, Mueller and Stoltenberg;Celine Tumasian;Aurelie Wren;Mobile;53-3803984;8139.029999999999;0.1425000249492305;2019-03;2019;0.1425000249492305;OK
France;74685.85;59166.13;2020-05-23;Games;Lubowitz, McLaughlin and Erdman;Othello Bowes;Avrit Chanders;PC;68-0176456;15519.720000000008;0.2078000049540844;2020-05;2020;0.20780000495408443;OK
France;74103.82;64811.2;2020-01-02;Appliances;Johns and Sons;Othello Bowes;Ora Grennan;PC;63-7370049;9292.62000000001;0.1254000131167328;2020-01;2020;0.12540001311673282;OK
France;176190.16;142273.55;2019-09-02;Appliances;Johns and Sons;Othello Bowes;Maighdiln Upcraft;PC;03-3461826;33916.610000000015;0.1925000238378807;2019-09;2019;0.1925000238378807;OK
Sweden;185778.3;154734.75;2020-06-25;Electronics;Jacobson, Marvin and Brown;Maxie Marrow;Tarrah Castelletti;PC;76-5888381;31043.54999999999;0.1670999788457532;2020-06;2020;0.1670999788457532;OK
France;212521.26;172014.71;2019-06-20;Books;Johns and Sons;Othello Bowes;Crysta Halls;PC;43-7357498;40506.55000000002;0.1905999898551326;2019-06;2019;0.19059998985513268;OK
France;40148.49;31954.18;2019-02-02;Electronics;Hane Inc;Othello Bowes;Amelina Piscopiello;PC;88-8981595;8194.309999999998;0.2041000794799505;2019-02;2019;0.2041000794799505;OK
Portugal;157942.65;136620.39;2020-06-23;Electronics;Hessel-Stiedemann;Celine Tumasian;Brynn Dempster;PC;95-6123269;21322.25999999998;0.135000014245677;2020-06;2020;0.13500001424567704;OK
Netherlands;172453.1;145688.38;2020-06-24;Outdoors;Kirlin and Sons;Denice Amberg;Nero Harbisher;PC;60-6986682;26764.72;0.1551999935054806;2020-06;2020;0.1551999935054806;OK
France;203604.46;175344.16;2019-06-26;Electronics;Kirlin and Sons;Othello Bowes;Crysta Halls;Mobile;29-5478106;28260.29999999999;0.1388000046757325;2019-06;2019;0.1388000046757325;OK
Sweden;251587.2;201848.41;2019-06-14;Smartphones;Schowalter, Lesch and Beahan;Maxie Marrow;Alyosha Meah;Mobile;49-2256360;49738.79000000001;0.1977000022258684;2019-06;2019;0.19770000222586842;OK
Sweden;19930.04;16543.93;2019-03-09;Smartphones;Johns and Sons;Maxie Marrow;Anita Woakes;Tablet;59-2480731;3386.1100000000006;0.169899809533749;2019-03;2019;0.16989980953374909;OK
Bulgaria;149372.32;130611.16;2020-12-20;Electronics;Abbott, Roberts and Torp;Charil Alpe;Shermy McGready;Mobile;63-6848448;18761.160000000003;0.1255999772916428;2020-12;2020;0.1255999772916428;OK
Sweden;25907.52;22454.05;2019-02-19;Books;Farrell, Swaniawski and Crist;Maxie Marrow;Alyosha Meah;PC;14-5110197;3453.470000000001;0.133299906745223;2019-02;2019;0.13329990674522305;OK
Portugal;64762.89;54238.92;2019-02-06;Electronics;Schoen-Keeling;Celine Tumasian;Hortense Gerring;PC;42-2646312;10523.97;0.1625000057903531;2019-02;2019;0.1625000057903531;OK
Finland;65211.07;56883.62;2020-10-28;Games;Hilll-Vandervort;Hube Corey;Mellicent Mattys;PC;60-8083173;8327.449999999997;0.1276999441965911;2020-10;2020;0.12769994419659111;OK
Spain;42475.6;35802.68;2019-02-13;Books;Johns and Sons;Emalia Dinse;Perri Aldersley;PC;76-1827989;6672.919999999998;0.1571000762790872;2019-02;2019;0.15710007627908726;OK
Portugal;172340.86;136562.9;2020-04-09;Beauty;Tromp LLC;Celine Tumasian;Hortense Gerring;PC;36-4321653;35777.95999999999;0.2075999852849753;2020-04;2020;0.20759998528497534;OK
Ireland;165709.19;138102.04;2020-10-09;Smartphones;Considine-Fisher;Glenine Suttaby;Bunnie Tonbridge;PC;18-7046062;27607.149999999998;0.1665999936394595;2020-10;2020;0.16659999363945957;OK
Italy;118409.59;96030.18;2020-10-06;Games;Bashirian, Okuneva and Bechtelar;Piggy Roscrigg;Joshua Prevost;PC;73-4380400;22379.410000000003;0.1889999788023926;2020-10;2020;0.18899997880239264;OK
France;58416.11;48076.46;2020-05-16;Appliances;Stehr LLC;Othello Bowes;Maighdiln Upcraft;PC;47-5051773;10339.65;0.1769999748357088;2020-05;2020;0.17699997483570884;OK
France;78629.19;63359.4;2019-02-21;Appliances;Johns and Sons;Othello Bowes;Amelina Piscopiello;Mobile;92-3687989;15269.79;0.194200016558736;2019-02;2019;0.194200016558736;OK
Sweden;64842.92;56439.28;2019-09-29;Appliances;Larkin-Collier;Maxie Marrow;Alyosha Meah;Mobile;60-9753536;8403.64;0.1295999624939777;2019-09;2019;0.12959996249397776;OK
Belgium;76183.74;61617.41;2019-06-03;Clothing;Hermiston, Simonis and Wisoky;Lambert Norheny;Collin Mackness;Mobile;39-5658730;14566.330000000002;0.1911999857187373;2019-06;2019;0.19119998571873736;OK
Sweden;131839.16;115372.45;2020-04-27;Books;McGlynn-Prosacco;Maxie Marrow;Madelon Bront;PC;73-8632957;16466.710000000006;0.1248999917778602;2020-04;2020;0.12489999177786028;OK
Portugal;147092.62;117806.48;2020-10-31;Clothing;Fisher, Morar and Skiles;Celine Tumasian;Hortense Gerring;PC;16-0987104;29286.14;0.199099995635403;2020-10;2020;0.19909999563540307;OK
Finland;62011.86;49324.23;2019-01-17;Beauty;Johns and Sons;Hube Corey;Mellicent Mattys;Tablet;76-0164425;12687.629999999996;0.2046000555377632;2019-01;2019;0.2046000555377632;OK
Portugal;56763.04;47663.92;2019-08-11;Smartphones;Kirlin and Sons;Celine Tumasian;Aurelie Wren;Mobile;87-7908481;9099.120000000004;0.1603000825889523;2019-08;2019;0.16030008258895231;OK
Portugal;78057.96;67161.07;2020-11-29;Beauty;Swaniawski, Runolfsson and Green;Celine Tumasian;Hortense Gerring;Tablet;30-7149594;10896.89;0.1395999844218321;2020-11;2020;0.13959998442183216;OK
UK;96358.45;80700.2;2019-06-12;Outdoors;Stamm-Zulauf;Jessamine Apark;Genevra Charrisson;PC;75-7848944;15658.25;0.1625000194585944;2019-06;2019;0.16250001945859446;OK
France;40535.64;35480.85;2019-01-13;Electronics;Kihn Inc;Othello Bowes;Crysta Halls;PC;72-2796883;5054.790000000001;0.1246998937231532;2019-01;2019;0.12469989372315328;OK
France;96795.99;81395.75;2019-06-21;Appliances;Connelly-Mohr;Othello Bowes;Avrit Chanders;PC;32-3124563;15400.240000000003;0.159099979245008;2019-06;2019;0.15909997924500802;OK
Portugal;122035.93;97897.22;2020-06-21;Accessories;Larkin-Collier;Celine Tumasian;Aurelie Wren;PC;83-7592334;24138.709999999992;0.1978000249598621;2020-06;2020;0.19780002495986218;OK
Sweden;89502.53;72488.1;2020-10-31;Clothing;Gleichner-Green;Maxie Marrow;Tarrah Castelletti;PC;61-3721294;17014.429999999993;0.1900999893522562;2020-10;2020;0.19009998935225622;OK
Portugal;223233.32;179100.09;2019-06-28;Games;Romaguera-Dietrich;Celine Tumasian;Corene Shirer;PC;43-8355995;44133.23000000001;0.1977000118082731;2019-06;2019;0.1977000118082731;OK
Finland;33190.03;28397.39;2020-08-18;Electronics;Homenick-Marvin;Hube Corey;Wat Bowkley;Tablet;49-2458036;4792.639999999999;0.144399989996996;2020-08;2020;0.14439998999699608;OK
Portugal;82357.57;65474.27;2019-02-19;Books;Kihn Inc;Celine Tumasian;Aurelie Wren;PC;13-9607758;16883.30000000001;0.2049999775369769;2019-02;2019;0.20499997753697696;OK
Ireland;46857.77;39116.87;2020-06-19;Games;Johns and Sons;Glenine Suttaby;Palm Wetherald;Mobile;61-0888460;7740.899999999994;0.1651999230863951;2020-06;2020;0.16519992308639517;OK
UK;178560.1;150383.32;2020-07-02;Books;O'Connell-Mitchell;Jessamine Apark;Winny Agnolo;Mobile;25-2616039;28176.78;0.157799978830657;2020-07;2020;0.157799978830657;OK
Sweden;173944.47;139729.59;2020-09-11;Books;Johns and Sons;Maxie Marrow;Madelon Bront;PC;46-2962443;34214.880000000005;0.1967000158153921;2020-09;2020;0.19670001581539215;OK
UK;176662.26;146859.34;2020-06-28;Electronics;Friesen-Rath;Jessamine Apark;Genevra Charrisson;PC;44-9908550;29802.920000000013;0.1686999815353885;2020-06;2020;0.16869998153538854;OK
France;133754.65;106147.69;2020-09-18;Games;Armstrong-Little;Othello Bowes;Ora Grennan;PC;52-3150154;27606.959999999992;0.2064000017943301;2020-09;2020;0.2064000017943301;OK
Bulgaria;159294.28;130605.38;2020-08-09;Clothing;Hamill, Kulas and Roob;Charil Alpe;Shermy McGready;PC;37-9761957;28688.899999999998;0.1801000010797625;2020-08;2020;0.18010000107976254;OK
France;123562.02;102927.16;2020-04-22;Clothing;McGlynn-Bergstrom;Othello Bowes;Amelina Piscopiello;PC;67-6072579;20634.86;0.1670000215276506;2020-04;2020;0.16700002152765064;OK
France;33013.08;26743.9;2020-11-28;Electronics;Romaguera-Dietrich;Othello Bowes;Amelina Piscopiello;PC;89-0300778;6269.18;0.1898998821073344;2020-11;2020;0.1898998821073344;OK
Portugal;105340.85;87285.43;2020-08-18;Books;Farrell, Swaniawski and Crist;Celine Tumasian;Brynn Dempster;PC;80-1894360;18055.420000000013;0.1713999839568411;2020-08;2020;0.17139998395684117;OK
Spain;127143.54;105033.28;2019-10-03;Electronics;Murray, Reichel and Nolan;Emalia Dinse;Bertha Walbrook;PC;58-2235320;22110.259999999995;0.1738999873686071;2019-10;2019;0.17389998736860712;OK
Portugal;56570.64;46993.23;2020-10-05;Books;Stamm Inc;Celine Tumasian;Smitty Culverhouse;PC;68-9875936;9577.409999999996;0.169300011454705;2020-10;2020;0.16930001145470505;OK
France;75522.66;60448.34;2019-03-13;Smartphones;Corwin and Sons;Othello Bowes;Crysta Halls;PC;75-8968627;15074.320000000009;0.1995999611242507;2019-03;2019;0.19959996112425077;OK
Portugal;87085.71;76548.34;2020-08-27;Outdoors;West-Cummings;Celine Tumasian;Smitty Culverhouse;PC;86-9456489;10537.37000000001;0.1209999895505245;2020-08;2020;0.12099998955052453;OK
UK;290010.79;234444.72;2019-12-25;Smartphones;Smith Group;Jessamine Apark;Genevra Charrisson;PC;02-1124101;55566.06999999998;0.1916000090893169;2019-12;2019;0.19160000908931693;OK
Luxembourg;256603.66;209799.15;2019-07-27;Smartphones;O'Connell-Mitchell;Ilsa Kob;Jocelyn Laurentino;Tablet;85-9787047;46804.51000000001;0.1824000094152983;2019-07;2019;0.18240000941529833;OK
UK;126074.62;100027.6;2020-11-07;Books;Gislason-Stanton;Jessamine Apark;Winny Agnolo;PC;60-7663173;26047.01999999999;0.2066000278247913;2020-11;2020;0.2066000278247913;OK
Sweden;94085.5;77498.23;2020-01-19;Electronics;Zieme, Bailey and Herzog;Maxie Marrow;Caro Morfield;PC;34-1570975;16587.270000000004;0.1762999612054993;2020-01;2020;0.1762999612054993;OK
Portugal;159216.47;137419.74;2020-06-26;Games;Johns and Sons;Celine Tumasian;Smitty Culverhouse;PC;57-9765345;21796.73000000001;0.1368999702103683;2020-06;2020;0.13689997021036837;OK
Portugal;74958.46;65806.03;2020-08-05;Electronics;Hessel-Stiedemann;Celine Tumasian;Smitty Culverhouse;PC;31-8846200;9152.430000000008;0.1221000271350292;2020-08;2020;0.12210002713502928;OK
Sweden;83897.88;69559.73;2019-03-18;Appliances;Franecki-White;Maxie Marrow;Anita Woakes;Mobile;48-6452102;14338.150000000009;0.1709000275096344;2019-03;2019;0.17090002750963443;OK
Sweden;133055.04;105366.29;2019-11-10;Books;Hegmann Group;Maxie Marrow;Tarrah Castelletti;PC;85-9541179;27688.75000000001;0.208099971260014;2019-11;2019;0.20809997126001398;OK
Sweden;94115.99;75669.26;2019-09-16;Appliances;Swaniawski, Runolfsson and Green;Maxie Marrow;Tarrah Castelletti;PC;93-2085046;18446.73000000001;0.1959999570742443;2019-09;2019;0.19599995707424434;OK
Finland;125851.79;103777.39;2020-11-15;Games;Wunsch LLC;Hube Corey;Mellicent Mattys;PC;03-6962760;22074.399999999998;0.1753999684867414;2020-11;2020;0.17539996848674141;OK
Netherlands;60917.85;52736.58;2019-02-17;Smartphones;Smith Group;Denice Amberg;Nero Harbisher;PC;15-3241183;8181.269999999997;0.1343000450606841;2019-02;2019;0.13430004506068413;OK
France;101318.72;86657.9;2019-04-13;Games;Hilll-Vandervort;Othello Bowes;Maighdiln Upcraft;PC;54-5705354;14660.820000000009;0.1447000120017308;2019-04;2019;0.14470001200173085;OK
Portugal;131610.37;106406.98;2020-04-30;Beauty;O'Connell-Mitchell;Celine Tumasian;Corene Shirer;PC;29-1888759;25203.39;0.1915000314944787;2020-04;2020;0.19150003149447875;OK
France;235042.75;187446.59;2019-12-25;Books;Christiansen, Donnelly and Bechtelar;Othello Bowes;Maighdiln Upcraft;PC;12-3815754;47596.16;0.2025000132954537;2019-12;2019;0.20250001329545372;OK
Ireland;58921.31;51715.23;2020-12-13;Games;Johns and Sons;Glenine Suttaby;Bunnie Tonbridge;PC;30-4823900;7206.079999999994;0.1223000642721622;2020-12;2020;0.12230006427216221;OK
Portugal;101846.87;88066.99;2019-01-07;Clothing;Corwin and Sons;Celine Tumasian;Aurelie Wren;PC;72-9074281;13779.87999999999;0.1352999851640015;2019-01;2019;0.13529998516400152;OK
France;95307.21;78533.14;2020-03-26;Books;Armstrong-Little;Othello Bowes;Amelina Piscopiello;PC;52-0213558;16774.070000000007;0.1760000109120811;2020-03;2020;0.17600001091208112;OK
France;232217.05;191439.74;2019-06-20;Beauty;Hessel-Stiedemann;Othello Bowes;Maighdiln Upcraft;Mobile;19-6334792;40777.31;0.1755999828608622;2019-06;2019;0.17559998286086229;OK
Portugal;75912.59;60145.55;2019-10-14;Outdoors;Wisoky Inc;Celine Tumasian;Corene Shirer;Mobile;35-4712641;15767.039999999994;0.2076999348856361;2019-10;2019;0.20769993488563615;OK
Portugal;57367.93;46255.76;2019-10-28;Clothing;Friesen-Rath;Celine Tumasian;Aurelie Wren;Mobile;03-3542738;11112.169999999998;0.1937000341479987;2019-10;2019;0.1937000341479987;OK
Portugal;158240.24;136561.33;2020-11-23;Books;Hessel-Stiedemann;Celine Tumasian;Brynn Dempster;PC;81-9457605;21678.910000000003;0.1369999817998254;2020-11;2020;0.13699998179982542;OK
Portugal;97291.62;76899.3;2020-01-02;Clothing;Johns and Sons;Celine Tumasian;Hortense Gerring;PC;63-0813030;20392.319999999992;0.2095999634912029;2020-01;2020;0.20959996349120297;OK
Portugal;83904.32;69011.3;2020-06-07;Games;Hartmann, Hane and Pfannerstill;Celine Tumasian;Corene Shirer;PC;00-7326184;14893.020000000004;0.1775000381386799;2020-06;2020;0.1775000381386799;OK
UK;133696.86;109310.55;2020-01-27;Books;Hilll-Vandervort;Jessamine Apark;Winny Agnolo;PC;22-0156233;24386.309999999983;0.1824000204642052;2020-01;2020;0.18240002046420525;OK
UK;146076.81;123230.4;2019-07-27;Appliances;Johns and Sons;Jessamine Apark;Genevra Charrisson;PC;94-0623186;22846.410000000003;0.1563999788878194;2019-07;2019;0.1563999788878194;OK
France;56118.05;47711.57;2020-03-02;Beauty;Altenwerth-Konopelski;Othello Bowes;Amelina Piscopiello;PC;08-0446109;8406.480000000003;0.1497999306818395;2020-03;2020;0.1497999306818395;OK
France;46296.26;40319.41;2020-05-15;Games;Wisoky Inc;Othello Bowes;Amelina Piscopiello;Tablet;77-3489084;5976.849999999999;0.1291000612144479;2020-05;2020;0.12910006121444798;OK
Belgium;118061.05;101131.1;2020-07-02;Appliances;Johns and Sons;Lambert Norheny;Collin Mackness;Mobile;59-2117058;16929.949999999997;0.1433999612912133;2020-07;2020;0.1433999612912133;OK
Finland;74480.56;60023.88;2020-03-06;Clothing;Homenick-Marvin;Hube Corey;Wat Bowkley;PC;31-1849120;14456.68;0.1941000443605687;2020-03;2020;0.19410004436056874;OK
Spain;87205.01;69171.01;2020-06-18;Games;Johns and Sons;Emalia Dinse;Manuel Goudie;Tablet;45-3085595;18034.0;0.2068000450891525;2020-06;2020;0.20680004508915256;OK
Portugal;107716.72;86679.64;2020-01-18;Accessories;Jacobson, Marvin and Brown;Celine Tumasian;Brynn Dempster;Mobile;61-3294149;21037.08;0.1953000425560674;2020-01;2020;0.19530004255606745;OK
